TEAM,AGE,GP,W,L,MIN,PTS,FGM,FGA,FG%,3PM,3PA,3P%,FTM,FTA,FT%,OREB,DREB,REB,AST,TOV,STL,BLK,PF,FP,DD2,TD3,+/-
HOU,28,72,59,13,35.4,30.4,9.0,20.1,44.9,3.7,10.0,36.7,8.7,10.1,85.8,0.6,4.8,5.4,8.8,4.4,1.8,0.7,2.3,53.0,31,4,7.3
NOP,25,75,45,30,36.4,28.1,10.4,19.5,53.4,0.7,2.2,34.0,6.6,8.0,82.8,2.5,8.6,11.1,2.3,2.2,1.5,2.6,2.1,55.1,50,1,3.9
CLE,33,82,50,32,36.9,27.5,10.5,19.3,54.2,1.8,5.0,36.7,4.7,6.5,73.1,1.2,7.5,8.6,9.1,4.2,1.4,0.9,1.7,54.1,52,18,1.3
POR,27,73,44,29,36.6,26.9,8.5,19.4,43.9,3.1,8.6,36.1,6.8,7.4,91.6,0.8,3.6,4.5,6.6,2.8,1.1,0.4,1.6,43.6,11,0,4.7
MIL,23,75,39,36,36.7,26.9,9.9,18.7,52.9,0.6,1.9,30.7,6.5,8.5,76.0,2.1,8.0,10.0,4.8,3.0,1.5,1.4,3.1,51.7,42,1,2.0
GSW,30,51,41,10,32.0,26.4,8.4,16.9,49.5,4.2,9.8,42.3,5.5,5.9,92.1,0.7,4.4,5.1,6.1,3.0,1.6,0.2,2.2,43.8,5,0,9.5
GSW,29,68,49,19,34.2,26.4,9.3,18.0,51.6,2.5,6.1,41.9,5.3,5.9,88.9,0.5,6.4,6.8,5.4,3.0,0.7,1.8,2.0,47.0,15,2,5.2
OKC,29,80,47,33,36.4,25.4,9.5,21.1,44.9,1.2,4.1,29.8,5.2,7.1,73.7,1.9,8.2,10.1,10.3,4.8,1.8,0.3,2.5,54.3,59,25,4.8
NOP,27,48,27,21,36.2,25.2,8.5,18.0,47.0,2.2,6.1,35.4,6.1,8.2,74.6,2.2,10.7,12.9,5.4,5.0,1.6,1.6,3.8,53.3,38,3,1.6
PHX,21,54,16,38,34.5,24.9,8.4,19.5,43.2,2.7,7.1,38.3,5.4,6.1,87.8,0.5,4.0,4.5,4.7,3.6,0.9,0.3,3.1,37.2,4,0,-6.6
BOS,26,60,41,19,32.2,24.4,8.9,18.1,49.1,2.8,6.8,40.8,3.9,4.4,88.9,0.6,3.2,3.8,5.1,2.3,1.1,0.3,2.0,38.4,1,0,4.3
SAS,32,75,45,30,33.4,23.1,9.2,18.0,51.0,0.4,1.2,29.3,4.5,5.3,83.7,3.3,5.2,8.5,2.0,1.5,0.6,1.2,2.1,40.2,27,0,3.7
IND,26,75,48,27,34.0,23.1,8.5,17.9,47.7,2.1,5.8,37.1,3.9,4.9,79.9,0.6,4.6,5.2,4.3,2.9,2.4,0.8,2.3,42.3,3,0,4.5
TOR,28,80,57,23,33.9,23.0,8.1,17.7,45.6,1.1,3.6,31.0,5.8,7.0,82.5,0.7,3.2,3.9,5.2,2.2,1.1,0.3,1.9,37.4,0,0,5.5
PHI,24,63,41,22,30.4,22.9,8.1,16.8,48.3,1.0,3.4,30.8,5.7,7.4,76.9,2.3,8.7,11.0,3.2,3.7,0.6,1.8,3.3,44.3,38,0,7.7
NYK,22,48,22,26,32.4,22.7,8.1,18.5,43.9,1.9,4.8,39.5,4.5,5.7,79.3,1.3,5.3,6.6,1.2,1.9,0.8,2.4,2.9,39.8,5,0,0.3
WAS,25,82,43,39,36.3,22.6,8.3,18.1,46.0,2.4,6.5,37.5,3.6,4.5,79.1,0.7,3.7,4.4,4.5,2.6,1.2,0.4,2.0,37.0,4,0,2.2
LAC,31,79,42,37,32.8,22.6,7.4,16.9,43.5,2.4,6.6,35.9,5.5,6.2,88.0,0.5,2.0,2.5,5.3,3.0,1.1,0.2,1.3,34.5,7,0,1.5
MIN,28,59,37,22,36.7,22.2,7.4,15.6,47.4,1.2,3.4,35.0,6.2,7.2,85.4,1.3,4.0,5.3,4.9,1.8,2.0,0.4,1.3,41.1,3,0,6.3
CHA,28,80,36,44,34.2,22.1,7.4,17.0,43.1,2.9,7.5,38.4,4.5,5.3,86.4,0.4,2.7,3.1,5.6,2.2,1.1,0.3,1.2,36.2,3,0,2.6
OKC,28,79,47,32,36.6,21.9,7.3,17.0,43.0,3.1,7.7,40.1,4.3,5.2,82.2,0.9,4.7,5.7,3.3,2.7,2.0,0.5,2.9,38.6,4,0,2.9
DET,29,58,28,30,34.0,21.4,7.5,17.2,43.8,1.9,5.6,34.5,4.5,5.7,78.5,1.3,6.1,7.4,5.8,2.8,0.7,0.3,2.4,39.1,16,3,1.0
POR,26,81,48,33,36.1,21.4,8.2,18.6,44.3,2.3,5.9,39.7,2.6,3.1,83.6,0.7,3.3,4.0,3.4,1.9,1.0,0.4,2.1,33.5,1,0,1.5
MIN,22,82,47,35,35.6,21.3,7.8,14.3,54.5,1.5,3.5,42.1,4.2,4.9,85.8,2.9,9.4,12.3,2.4,1.9,0.8,1.4,3.5,44.3,68,0,4.5
UTA,21,79,46,33,33.4,20.5,7.5,17.2,43.7,2.4,7.0,34.0,3.0,3.8,80.5,0.7,3.1,3.7,3.7,2.7,1.5,0.3,2.7,33.3,0,0,4.5
MIL,26,82,44,38,36.4,20.1,7.2,15.5,46.6,1.8,5.0,35.9,3.9,4.4,88.4,0.5,4.7,5.2,4.0,2.3,1.5,0.3,3.3,35.2,5,1,1.2
MEM,29,7,2,5,27.5,20.1,7.3,14.6,50.0,2.7,4.6,59.4,2.9,3.3,87.0,1.1,1.9,3.0,3.6,2.3,1.6,0.4,0.9,32.8,0,0,1.4
GSW,28,73,55,18,34.3,20.0,7.9,16.1,48.8,3.1,7.1,44.0,1.1,1.3,83.7,0.4,3.4,3.8,2.5,1.8,0.8,0.5,1.6,30.3,2,0,5.4
PHX,24,65,18,47,33.0,19.6,8.1,16.4,49.8,0.3,1.4,22.2,3.0,3.9,75.7,1.9,3.2,5.1,1.3,1.3,1.0,0.6,2.3,31.2,6,0,-6.6
WAS,27,41,23,18,34.4,19.4,6.8,16.3,42.0,1.5,4.1,37.1,4.3,5.9,72.6,0.5,3.1,3.7,9.6,3.9,1.4,1.1,2.0,41.8,19,0,3.1
MEM,28,52,19,33,30.9,19.4,7.0,15.6,45.2,2.2,5.5,39.9,3.2,4.0,78.5,0.8,4.3,5.1,5.2,2.3,1.1,0.3,1.8,35.3,7,0,0.5
ATL,24,67,21,46,31.0,19.4,7.5,17.1,43.6,1.1,3.9,29.0,3.4,4.0,84.9,0.7,2.4,3.1,6.2,2.7,1.1,0.1,2.2,33.2,5,0,-4.1
NOP,28,81,47,34,36.1,19.0,7.6,15.4,49.4,1.5,4.4,33.7,2.3,2.9,78.6,0.8,3.7,4.5,6.0,2.6,1.5,0.8,2.5,37.7,8,1,3.9
DAL,26,77,24,53,34.2,18.9,7.0,15.7,44.5,1.5,4.3,35.7,3.4,4.1,82.7,1.0,5.1,6.1,2.0,1.5,0.6,0.2,1.2,30.0,8,0,-4.2
HOU,33,58,50,8,31.8,18.6,6.3,13.8,46.0,2.5,6.5,38.0,3.5,3.8,91.9,0.6,4.8,5.4,7.9,2.2,1.7,0.2,2.4,40.4,14,1,8.6
LAC,25,80,39,41,33.3,18.6,7.0,15.3,46.0,2.3,5.6,41.1,2.2,2.7,82.9,0.7,4.7,5.5,2.4,1.3,0.9,0.4,2.1,31.4,3,0,-1.4
DEN,23,75,43,32,32.6,18.5,6.7,13.5,49.9,1.5,3.7,39.6,3.5,4.2,85.0,2.6,8.1,10.7,6.1,2.8,1.2,0.8,2.8,43.7,38,10,4.7
HOU,29,69,55,14,31.2,18.0,6.0,14.1,42.8,3.2,8.8,35.9,2.8,3.5,80.9,0.4,2.1,2.5,2.2,1.9,0.6,0.4,1.7,25.5,0,0,8.5
BKN,29,1,0,1,25.2,18.0,5.0,12.0,41.7,1.0,2.0,50.0,7.0,7.0,100,0.0,0.0,0.0,4.0,3.0,0.0,0.0,3.0,21.0,0,0,-6.0
ORL,25,57,20,37,32.2,17.8,6.5,14.1,45.9,2.2,5.9,37.9,2.6,3.0,86.7,0.4,2.8,3.2,2.9,1.7,0.8,0.3,2.4,27.6,0,0,-2.1
MIL,28,74,40,34,31.4,17.7,6.3,13.4,47.3,1.7,4.9,34.7,3.4,4.3,79.5,0.7,3.1,3.8,5.0,2.9,2.0,0.6,2.5,34.7,3,1,1.6
MIN,23,82,47,35,36.3,17.7,6.9,15.9,43.8,1.4,4.1,33.1,2.5,3.8,64.3,1.0,3.4,4.4,2.0,1.7,1.1,0.6,2.0,29.4,1,0,2.5
ORL,22,58,19,39,32.9,17.6,6.5,14.9,43.4,2.0,5.9,33.6,2.7,3.9,69.8,1.5,6.4,7.9,2.3,1.8,1.0,0.8,1.9,34.1,17,0,-1.6
CLE,29,59,37,22,28.0,17.6,5.7,12.4,45.8,2.3,5.6,41.5,4.0,4.5,88.0,1.7,7.5,9.3,1.7,1.5,0.7,0.4,2.0,33.2,31,0,1.3
NYK,26,57,19,38,33.1,17.5,6.3,15.0,42.1,2.3,7.2,31.7,2.6,3.1,81.6,0.6,3.4,3.9,2.7,1.6,1.1,0.2,2.2,28.4,2,0,-1.3
DEN,23,67,37,30,34.4,17.5,6.6,13.6,48.5,2.3,5.9,39.6,2.0,2.4,82.7,0.6,2.1,2.6,2.9,1.8,1.8,0.2,1.8,29.3,0,0,2.6
MIA,32,75,39,36,31.7,17.3,6.5,14.3,45.0,1.5,4.0,37.0,2.9,3.6,80.1,0.7,3.4,4.1,4.8,2.2,0.8,0.2,2.4,30.2,3,0,0.3
MEM,33,73,21,52,33.0,17.2,5.9,14.2,42.0,1.5,4.4,34.1,3.8,4.6,83.4,1.1,7.0,8.1,4.2,2.7,0.7,1.4,2.5,36.9,25,1,-4.3
PHI,34,70,45,25,30.2,17.1,5.8,12.6,46.0,2.8,6.6,42.0,2.8,3.1,90.4,0.1,2.4,2.5,3.0,1.5,0.5,0.1,1.8,25.0,0,0,4.4
MEM,30,12,7,5,31.1,17.1,5.3,14.0,38.1,2.0,6.4,31.2,4.4,5.5,80.3,0.0,2.3,2.3,4.1,1.5,1.0,0.3,2.0,28.2,0,0,-1.4
CHI,23,24,9,15,27.3,16.7,5.7,14.8,38.3,1.8,5.1,34.1,3.6,4.5,81.3,0.4,3.5,3.9,3.0,1.8,1.0,0.2,2.3,27.6,0,0,-7.2
DEN,21,81,46,35,31.7,16.7,5.9,13.1,45.1,2.0,5.4,37.8,2.8,3.1,90.5,1.0,2.7,3.7,3.4,2.1,1.0,0.3,2.1,28.0,1,0,2.8
CHA,32,81,35,46,30.4,16.6,6.2,11.2,55.5,0.0,0.1,14.3,4.1,7.2,57.4,3.1,9.3,12.5,1.3,2.6,0.6,1.6,3.1,37.6,53,0,1.1
ORL,27,57,17,40,29.5,16.5,7.0,14.7,47.5,1.1,3.6,31.4,1.4,1.6,81.9,1.8,7.4,9.2,3.4,1.9,1.0,1.1,2.5,36.8,29,1,-0.6
TOR,32,78,57,21,32.2,16.2,5.2,12.1,42.7,3.1,7.6,39.9,2.9,3.3,85.4,0.8,4.7,5.6,6.9,2.3,1.1,0.2,2.5,34.9,23,3,5.1
SAS,27,9,5,4,23.3,16.2,5.8,12.3,46.8,1.2,3.9,31.4,3.4,4.2,81.6,0.7,4.0,4.7,2.3,1.8,2.0,1.0,1.0,32.5,0,0,1.9
OKC,34,78,46,32,32.1,16.2,6.1,15.0,40.4,2.2,6.1,35.7,1.9,2.5,76.7,0.9,4.9,5.8,1.3,1.3,0.6,0.6,2.5,27.5,6,0,3.5
LAL,23,82,35,47,26.7,16.1,6.1,11.0,55.8,0.1,0.5,22.2,3.7,5.2,71.8,2.2,5.8,8.0,2.6,2.6,0.5,0.5,3.3,30.2,28,1,-1.0
LAL,22,77,34,43,31.2,16.1,6.1,13.5,45.0,2.1,5.6,36.6,1.9,2.7,70.7,1.1,5.1,6.3,1.8,1.8,0.6,0.4,2.1,27.8,17,0,-1.6
LAL,20,59,27,32,33.5,16.1,6.1,12.9,47.0,0.7,1.8,39.0,3.3,4.8,68.1,1.0,4.4,5.3,3.9,2.5,0.8,0.7,2.8,30.3,6,0,-2.2
PHI,21,81,51,30,33.7,15.8,6.7,12.3,54.5,0.0,0.1,0.0,2.4,4.2,56.0,1.8,6.3,8.1,8.2,3.4,1.7,0.9,2.6,42.1,38,12,4.8
DEN,27,81,46,35,33.1,15.7,5.7,12.7,45.2,1.9,5.2,37.0,2.2,2.8,80.5,0.9,4.2,5.0,4.1,1.8,1.0,0.6,2.1,31.0,2,0,1.5
NOP,27,55,34,21,27.2,15.6,5.6,12.4,44.7,2.5,6.5,37.7,2.0,2.5,81.8,1.1,6.3,7.4,1.5,1.1,0.8,0.7,2.0,30.0,12,0,2.7
BKN,22,48,16,32,25.7,15.5,5.8,14.0,41.4,1.9,5.8,32.4,2.0,2.7,74.0,0.6,3.3,3.9,5.2,3.1,0.8,0.4,1.9,28.2,5,1,-3.8
LAC,29,21,11,10,32.0,15.3,4.9,12.2,39.8,1.7,5.3,32.4,3.9,4.1,93.1,0.4,4.4,4.8,2.0,1.2,0.6,0.5,1.4,25.9,0,0,0.5
CHI,21,68,23,45,29.7,15.2,5.5,12.7,43.4,2.1,5.9,36.2,2.1,2.4,84.3,1.2,6.3,7.5,1.2,1.2,0.6,0.6,1.5,28.2,14,0,-5.7
DAL,20,69,22,47,29.7,15.2,5.9,14.8,39.5,1.5,4.9,31.3,1.9,2.8,69.4,0.7,3.0,3.8,5.2,2.8,1.0,0.3,2.2,28.6,6,1,-4.7
LAL,29,32,15,17,26.9,15.2,4.9,13.2,37.3,1.7,5.9,29.3,3.7,4.1,89.3,0.5,1.6,2.1,4.8,3.0,0.5,0.1,1.8,23.6,0,0,-3.7
LAC,25,61,30,31,33.7,15.1,5.6,13.2,42.4,2.2,5.9,37.8,1.7,2.6,64.2,0.4,1.9,2.4,4.0,1.8,1.2,0.3,2.5,26.5,0,0,-1.0
DET,24,78,37,41,33.7,15.0,6.0,11.3,52.9,0.0,0.1,0.0,3.1,5.1,60.5,5.1,10.9,16.0,3.0,2.6,1.5,1.6,3.2,45.5,62,0,-0.7
WAS,25,77,42,35,31.6,14.7,5.8,11.5,50.3,1.8,4.1,44.1,1.4,1.7,82.8,1.3,5.1,6.4,2.0,1.0,1.5,0.5,2.0,30.6,13,0,3.7
CLE,25,60,29,31,26.9,14.7,5.4,12.5,42.9,2.1,5.6,38.1,1.9,2.2,86.0,0.4,2.4,2.8,1.6,1.2,0.8,0.2,1.8,22.1,0,0,-1.2
PHI,24,78,49,29,29.6,14.6,5.2,11.4,45.3,2.0,5.1,39.3,2.3,2.7,86.0,2.0,4.7,6.7,2.6,1.9,0.7,0.3,2.1,27.3,13,0,3.7
DEN,33,38,22,16,30.1,14.6,5.3,11.4,46.4,1.0,3.0,34.5,2.9,4.2,69.6,1.7,4.7,6.4,2.8,1.9,1.0,1.2,2.6,31.1,2,0,2.7
DET,28,45,27,18,26.7,14.6,5.5,12.8,42.6,1.2,3.8,30.8,2.5,3.0,83.6,0.6,2.1,2.8,5.3,2.2,0.6,0.1,1.9,25.7,0,0,0.3
BOS,21,70,47,23,30.7,14.5,5.3,11.5,46.5,1.7,4.4,39.5,2.1,3.3,64.4,0.9,4.0,4.9,1.6,1.8,1.0,0.4,2.6,25.2,2,0,4.9
SAC,36,59,18,41,25.6,14.5,6.1,12.9,47.3,0.9,2.5,34.7,1.4,1.8,78.5,1.6,5.1,6.7,2.2,2.0,0.7,0.2,2.0,26.5,8,0,-6.0
POR,23,79,48,31,26.4,14.3,6.1,12.0,50.5,0.0,0.1,0.0,2.2,3.5,63.0,2.4,6.6,9.0,1.8,2.3,0.8,1.4,3.1,32.1,27,0,2.0
MIA,26,30,16,14,30.6,14.3,5.4,13.7,39.8,1.7,5.7,30.6,1.7,2.3,73.9,0.3,2.3,2.6,3.8,2.3,0.8,0.3,2.0,23.9,0,0,-2.8
IND,29,80,47,33,30.8,14.3,5.1,10.7,47.4,1.9,4.8,40.2,2.2,2.6,86.8,0.4,3.0,3.4,1.5,1.3,0.7,0.1,1.6,21.6,0,0,1.1
LAC,27,46,22,24,31.2,14.3,5.6,13.6,41.4,1.6,4.4,36.9,1.4,1.8,76.8,0.5,2.0,2.5,2.0,2.2,1.1,0.2,2.0,22.0,0,0,-2.7
MIN,30,70,41,29,33.0,14.2,5.1,11.3,44.6,1.2,3.3,36.8,2.9,3.4,84.5,0.3,2.6,3.0,7.0,2.5,1.5,0.3,2.4,31.2,13,0,2.0
ATL,24,82,24,58,30.0,14.1,5.1,11.9,42.6,2.1,5.6,38.5,1.9,2.2,84.4,0.6,4.1,4.7,2.6,2.3,1.0,0.5,2.0,26.0,5,0,-4.5
NYK,26,71,27,44,25.8,14.1,5.9,10.0,59.2,0.0,0.0,0.0,2.2,2.6,84.8,3.8,7.1,11.0,1.5,1.7,0.5,0.5,2.6,30.9,39,0,-2.6
MIA,29,54,30,24,25.3,14.0,5.8,10.7,54.0,0.0,0.0,100,2.4,3.4,70.3,3.2,8.2,11.4,1.0,1.7,0.7,1.7,2.4,34.8,28,0,-1.5
ORL,28,69,21,48,29.4,13.9,5.1,11.0,46.5,1.0,3.0,33.8,2.7,3.5,76.8,0.9,2.6,3.5,2.5,2.1,0.8,0.2,2.5,22.9,0,0,-4.3
BKN,23,68,26,42,28.2,13.9,5.0,10.6,47.2,0.2,0.8,24.1,3.7,4.6,78.8,1.5,5.3,6.8,2.5,1.8,1.0,0.7,2.1,28.9,12,0,-2.7
BOS,20,80,53,27,30.5,13.9,5.0,10.4,47.5,1.3,3.0,43.4,2.7,3.2,82.6,0.6,4.4,5.0,1.6,1.4,1.0,0.7,2.1,26.2,4,0,4.3
OKC,24,76,43,33,32.7,13.9,5.9,9.4,62.9,0.0,0.0,0.0,2.1,3.8,55.9,5.1,4.0,9.0,1.2,1.7,1.2,1.0,2.8,31.5,28,0,4.2
CLE,26,81,40,41,23.3,13.9,5.3,11.8,45.1,1.4,3.9,35.2,1.9,2.3,80.0,0.7,2.0,2.7,2.7,1.6,0.7,0.1,1.3,22.0,1,0,-0.5
HOU,24,74,62,12,27.5,13.9,6.0,9.1,65.2,0.0,0.0,0.0,1.9,3.5,56.0,3.3,7.6,10.8,0.9,1.4,0.8,1.9,2.5,34.8,42,0,5.1
BOS,28,54,34,20,26.7,13.6,4.9,11.3,42.9,1.6,4.3,36.8,2.3,2.9,80.5,0.8,4.6,5.4,1.3,1.2,0.6,0.2,1.9,23.4,2,0,0.4
UTA,26,56,37,19,32.4,13.5,4.9,7.9,62.2,0.0,0.0,0.0,3.6,5.3,68.2,2.9,7.8,10.7,1.4,1.9,0.8,2.3,2.7,35.9,31,0,6.1
SAC,24,80,27,53,25.3,13.5,5.2,11.7,44.6,2.2,5.1,43.1,0.9,1.0,87.7,0.7,3.2,3.8,1.9,1.6,1.1,0.3,1.9,23.5,0,0,-1.9
BKN,31,73,25,48,29.9,13.5,4.5,10.8,41.4,2.0,5.4,37.1,2.6,3.4,76.4,1.4,5.1,6.6,2.0,1.4,0.8,0.4,2.3,26.6,13,0,-0.9
CHI,24,52,19,33,29.3,13.4,5.5,12.8,42.9,0.8,2.6,32.1,1.6,2.2,73.7,0.5,3.8,4.3,6.0,2.9,2.0,0.5,3.3,32.2,4,0,-5.3
LAL,25,74,31,43,33.2,13.4,4.6,10.8,42.6,2.1,5.6,38.3,2.1,2.6,78.9,0.8,4.4,5.2,2.2,1.3,1.4,0.2,2.0,26.6,4,0,-0.7
CHI,23,73,25,48,22.5,13.2,5.2,11.1,47.1,1.1,3.1,35.9,1.6,2.1,76.9,2.2,4.6,6.8,1.7,1.4,0.7,0.3,1.8,25.5,12,0,-1.1
BKN,26,75,25,50,29.3,13.2,4.5,11.0,40.7,2.7,7.1,37.8,1.5,1.8,85.2,0.4,3.9,4.3,1.6,1.0,0.6,0.5,2.2,23.0,0,0,-1.0
NYK,29,74,24,50,22.3,13.2,5.5,10.9,50.7,0.5,1.2,39.5,1.7,2.1,78.0,1.3,4.3,5.6,1.7,1.9,0.5,0.6,2.0,23.7,10,0,-1.9
PHX,21,77,19,58,25.4,13.1,5.1,12.1,41.7,0.7,2.8,26.3,2.3,3.6,63.4,1.2,3.3,4.6,1.5,1.9,1.0,0.5,2.8,23.5,5,0,-6.9
UTA,27,77,44,33,29.3,13.1,4.5,10.7,41.8,1.2,3.5,35.2,2.9,3.3,86.6,0.6,4.0,4.6,5.3,2.7,1.6,0.1,2.7,29.0,11,0,2.7
MIL,25,48,25,23,29.9,13.0,5.1,10.5,48.5,1.3,3.4,38.5,1.6,1.8,88.2,0.5,2.8,3.3,3.2,1.4,0.9,0.3,2.7,23.7,1,0,-1.3
LAL,30,74,34,40,23.4,13.0,5.0,10.7,46.5,1.5,4.4,34.5,1.5,2.1,70.3,1.0,3.0,4.0,1.7,1.3,0.4,1.3,2.6,24.2,4,0,-1.1
CHA,26,80,36,44,24.6,12.9,4.8,10.4,45.7,1.2,3.2,37.0,2.2,2.6,86.1,0.6,3.4,4.1,2.3,1.2,0.8,0.4,1.7,23.6,0,0,1.0
MIA,24,81,44,37,33.2,12.9,4.9,10.9,45.1,1.6,4.1,37.8,1.5,1.8,84.5,0.9,2.7,3.5,2.9,1.7,1.5,0.9,2.5,26.9,0,0,0.5
BOS,32,72,47,25,31.6,12.9,5.1,10.5,48.9,1.3,3.1,42.9,1.3,1.7,78.3,1.4,5.9,7.4,4.7,1.8,0.6,1.1,1.9,32.0,15,0,4.8
ATL,28,65,19,46,27.5,12.9,4.4,10.4,42.0,1.7,4.2,39.4,2.5,3.1,79.6,0.4,3.4,3.8,3.5,2.4,1.5,0.7,2.3,27.0,0,0,-2.5
NYK,25,36,10,26,21.8,12.8,5.4,10.7,50.3,1.1,2.9,36.2,1.0,1.6,64.9,0.4,1.6,2.0,4.7,1.2,0.7,0.1,1.2,23.4,3,0,-2.3
SAC,24,73,23,50,28.0,12.8,5.3,10.6,50.2,0.0,0.2,25.0,2.1,3.4,61.9,1.8,5.2,7.0,2.4,1.5,1.1,0.9,2.5,29.1,12,0,-4.4
IND,22,65,39,26,28.2,12.7,4.7,9.8,47.9,0.9,2.4,35.7,2.5,3.2,77.7,1.4,5.0,6.4,1.3,1.5,0.6,1.8,2.9,28.2,11,0,1.8
DAL,31,63,20,43,33.8,12.7,4.5,11.1,40.6,2.4,6.4,38.1,1.3,1.6,82.2,0.4,2.7,3.1,2.7,1.3,1.2,0.3,2.2,23.7,0,0,-5.1
TOR,26,77,56,21,22.4,12.7,5.1,8.9,56.8,0.4,1.0,40.5,2.2,2.7,80.6,2.4,6.2,8.6,1.1,1.5,0.4,0.9,2.5,26.9,26,0,2.9
PHX,24,63,13,50,28.7,12.7,5.2,10.6,49.3,0.5,1.5,32.6,1.7,2.7,64.9,1.0,3.3,4.3,6.2,2.7,1.3,0.3,2.3,29.6,8,2,-7.3
TOR,28,76,53,23,27.5,12.6,5.0,10.3,48.3,1.4,3.9,36.0,1.2,1.6,79.7,1.0,5.3,6.3,0.8,1.2,0.4,1.3,2.8,25.3,8,0,4.0
MIL,23,31,16,15,24.0,12.6,5.2,10.7,48.2,1.0,2.6,38.3,1.3,1.7,74.1,1.4,3.5,4.9,1.9,1.5,0.8,0.3,1.6,23.2,3,0,-2.1
PHI,27,80,51,29,31.6,12.6,4.3,10.5,41.3,2.5,6.9,36.9,1.5,1.7,85.3,0.7,4.7,5.4,2.0,1.6,1.7,0.9,3.0,28.3,7,0,6.6
BKN,25,80,28,52,28.8,12.6,4.1,10.5,38.7,1.8,5.4,32.6,2.7,3.4,81.3,0.5,2.7,3.2,6.6,1.6,0.9,0.3,2.3,28.1,7,0,-1.2
NOP,29,82,48,34,31.5,12.5,5.2,10.1,50.8,1.6,3.7,42.5,0.6,0.8,70.6,0.7,2.2,2.9,2.3,1.2,1.0,0.1,2.2,21.5,0,0,1.8
IND,30,69,39,30,29.3,12.4,4.6,9.2,49.5,1.4,3.0,46.8,1.8,2.1,88.2,0.5,2.0,2.6,5.3,1.2,1.3,0.2,1.8,26.9,6,0,1.9
UTA,26,77,46,31,28.0,12.3,5.1,9.1,56.3,0.2,0.8,22.2,1.8,2.8,65.1,2.6,4.6,7.2,1.3,1.1,0.7,1.1,2.1,27.0,15,0,1.9
MIN,33,82,47,35,33.2,12.2,5.2,9.0,57.7,0.1,0.4,20.0,1.7,2.3,76.8,2.4,4.8,7.1,1.2,1.1,0.8,0.7,2.7,25.9,18,0,2.9
LAC,29,11,5,6,30.3,12.2,4.4,10.8,40.3,2.2,5.5,40.0,1.3,1.5,82.4,1.5,2.6,4.1,2.9,2.3,1.7,0.5,3.1,25.7,0,0,2.3
CHI,29,72,24,48,31.5,12.2,4.0,10.9,37.1,2.2,6.2,35.9,1.9,2.3,82.3,0.4,3.6,4.0,2.1,1.3,1.1,0.4,1.9,23.5,2,0,-2.5
PHI,32,80,39,41,24.3,12.1,4.2,9.6,44.1,1.9,4.9,37.7,1.9,2.0,90.8,0.3,1.6,1.9,1.9,1.2,0.8,0.2,1.1,18.9,0,0,-0.4
HOU,32,41,33,8,22.7,12.1,4.1,10.1,40.7,2.7,7.3,36.9,1.2,1.5,85.0,0.4,2.9,3.2,0.6,0.8,0.6,0.4,2.1,19.0,0,0,2.3
BKN,23,71,25,46,26.2,12.1,4.5,10.4,43.5,1.2,3.5,34.7,1.9,2.6,71.1,0.7,2.9,3.7,4.2,2.2,1.2,0.3,2.2,25.0,3,0,-3.7
LAC,29,77,39,38,31.5,12.0,4.8,7.5,64.5,0.0,0.0,0.0,2.4,4.1,58.0,4.3,10.9,15.2,1.5,1.8,0.5,0.9,2.6,35.1,46,0,-1.7
DAL,40,77,24,53,24.7,12.0,4.5,9.8,45.6,1.8,4.4,40.9,1.3,1.4,89.8,0.3,5.4,5.7,1.6,0.7,0.6,0.6,1.9,24.0,5,0,-0.7
NYK,32,76,27,49,30.4,12.0,4.5,9.9,45.4,1.5,3.7,40.6,1.5,1.6,91.9,0.4,2.6,2.9,2.4,1.1,1.1,0.2,1.4,21.8,1,0,-3.4
LAL,32,2,1,1,32.1,12.0,4.0,8.5,47.1,2.5,4.5,55.6,1.5,1.5,100,0.5,2.5,3.0,3.5,1.5,1.5,1.5,1.5,28.4,0,0,10.0
CHI,30,64,23,41,26.4,11.8,5.3,10.1,53.0,0.1,0.2,28.6,1.1,1.4,75.6,2.1,2.4,4.5,1.9,1.7,0.2,0.8,1.7,21.6,3,0,-3.1
IND,30,81,48,33,32.2,11.8,5.2,10.7,48.7,0.7,2.2,32.0,0.7,1.1,59.8,2.3,4.0,6.3,1.9,1.3,1.7,0.4,2.2,27.2,9,0,2.6
WAS,22,81,43,38,27.5,11.8,3.9,9.8,40.3,1.6,4.6,34.1,2.4,2.9,82.0,0.7,3.8,4.5,1.2,1.1,1.0,0.4,2.9,22.1,0,0,-1.4
SAC,25,78,26,52,27.9,11.8,4.4,9.9,44.6,1.7,4.2,39.2,1.3,1.5,84.0,0.4,2.5,2.9,3.3,1.6,0.9,0.2,2.2,21.9,0,0,-4.6
MIA,26,72,39,33,28.5,11.7,4.3,9.9,43.5,1.7,4.5,36.7,1.5,1.8,82.2,0.5,3.0,3.4,2.3,1.1,0.8,0.5,2.1,22.1,0,0,0.6
HOU,33,67,51,16,33.9,11.7,4.0,9.7,41.2,2.5,6.9,36.8,1.1,1.3,85.4,0.5,3.9,4.4,1.6,0.8,1.5,0.2,2.0,23.5,1,0,5.6
IND,22,74,45,29,24.5,11.6,4.6,8.9,51.4,0.2,0.5,35.1,2.3,3.0,75.0,2.2,5.5,7.7,2.0,1.9,0.5,0.4,3.0,25.0,15,0,0.5
DAL,34,69,23,46,23.2,11.6,4.4,10.0,43.9,1.7,4.5,36.7,1.2,1.5,78.4,0.2,2.7,2.9,6.3,2.1,0.5,0.0,1.2,24.1,6,0,0.3
CHA,29,64,27,37,31.0,11.6,4.2,10.2,41.5,1.4,4.3,33.6,1.7,2.0,83.1,0.9,3.9,4.8,5.5,2.0,1.0,0.4,1.1,27.6,7,2,0.1
SAC,20,73,24,49,27.7,11.6,4.5,10.9,41.2,0.6,2.1,30.7,1.9,2.7,72.3,0.5,2.3,2.8,4.4,2.4,1.0,0.3,2.2,22.8,3,0,-5.7
WAS,28,73,37,36,27.0,11.5,4.5,9.4,48.0,1.0,2.8,36.7,1.4,1.8,82.0,1.0,4.6,5.6,1.9,1.7,0.8,0.5,3.0,23.3,5,0,0.4
SAS,31,57,36,21,21.6,11.5,4.4,9.4,47.1,0.6,2.1,31.4,2.0,2.5,77.2,1.3,3.8,5.1,1.3,1.4,0.8,0.7,1.7,22.6,1,0,1.4
MIA,27,76,42,34,23.4,11.5,4.2,8.4,49.7,1.4,3.7,37.9,1.8,2.3,77.0,1.2,4.5,5.7,2.7,1.9,0.8,0.5,2.9,24.3,7,0,3.1
UTA,30,82,48,34,31.4,11.5,4.1,8.8,46.7,2.5,5.7,44.0,0.8,1.0,79.5,0.3,3.9,4.2,4.8,1.9,1.1,0.2,2.2,25.8,4,0,3.2
MIA,36,67,37,30,22.9,11.4,4.5,10.2,43.8,0.5,1.7,28.8,2.0,2.8,71.4,0.7,3.0,3.8,3.4,2.1,0.9,0.7,1.9,23.8,3,0,0.4
DET,27,62,32,30,27.9,11.3,4.3,8.8,48.9,2.0,4.5,44.5,0.6,0.8,79.6,0.4,2.0,2.5,1.5,0.8,0.8,0.2,1.1,18.7,0,0,0.4
BOS,24,80,54,26,25.9,11.3,4.0,10.0,39.5,1.9,5.0,38.1,1.4,1.9,77.2,0.8,3.9,4.7,2.9,1.0,1.0,0.2,1.5,24.0,1,1,1.5
MIA,30,77,42,35,26.5,11.2,3.7,9.1,40.7,2.9,7.5,39.2,0.9,1.0,85.9,0.3,2.5,2.8,1.0,0.7,0.7,0.1,1.2,17.9,0,0,1.6
CHA,25,79,35,44,23.2,11.1,3.9,9.1,42.9,1.3,3.5,38.0,2.0,2.5,79.9,0.6,3.1,3.6,1.6,0.8,0.5,0.2,1.2,19.1,0,0,-0.7
GSW,28,70,48,22,32.7,11.0,4.0,8.8,45.4,1.1,3.7,30.1,1.9,2.5,77.5,1.1,6.6,7.6,7.3,2.9,1.4,1.3,2.6,36.2,23,3,4.4
LAC,24,76,39,37,17.0,11.0,4.6,7.2,63.5,0.0,0.1,14.3,1.8,2.9,62.6,1.4,2.7,4.0,1.0,0.9,0.5,0.7,1.9,19.9,0,0,0.7
MEM,22,82,22,60,28.7,11.0,4.1,9.4,44.0,1.1,3.2,35.6,1.5,2.0,74.7,0.6,2.5,3.1,1.6,1.5,0.9,0.2,2.8,19.0,0,0,-3.0
DET,29,82,39,43,24.9,10.9,4.7,9.8,48.6,0.4,1.2,34.7,1.0,1.4,69.8,0.3,2.4,2.7,4.4,1.3,0.8,0.2,1.7,22.5,3,0,0.5
PHI,31,69,36,33,25.1,10.9,4.0,8.9,45.2,1.3,3.7,36.0,1.5,2.0,77.8,1.7,4.2,5.9,1.3,1.0,0.9,0.4,2.3,22.6,7,0,0.3
CLE,31,78,47,31,23.4,10.8,3.8,7.9,47.7,0.7,2.2,31.2,2.6,3.0,86.8,0.8,2.4,3.2,1.3,1.0,0.5,0.4,1.9,18.5,1,0,1.3
BKN,26,78,27,51,25.3,10.8,3.9,8.0,49.1,1.9,4.6,41.9,1.1,1.3,82.7,0.7,2.7,3.3,1.6,1.2,0.4,0.3,2.0,18.3,2,0,-1.5
MIA,31,73,37,36,26.6,10.8,4.2,8.4,50.3,0.8,2.5,30.8,1.5,2.2,69.8,0.8,4.1,4.9,3.8,1.9,1.0,0.7,2.6,25.5,6,0,0.0
ATL,25,15,4,11,27.0,10.7,4.1,10.1,40.8,1.0,4.0,25.0,1.5,1.9,75.9,0.7,4.0,4.7,1.9,0.9,1.3,0.1,1.7,22.4,0,0,-1.6
ATL,20,74,21,53,24.1,10.5,4.2,7.4,57.6,0.2,0.6,34.0,1.8,2.5,71.5,2.4,4.9,7.3,1.3,1.4,0.6,1.1,2.9,25.0,11,0,-3.0
MEM,28,55,11,44,28.0,10.3,4.1,8.9,45.7,0.8,2.3,33.9,1.5,2.0,72.1,2.7,5.8,8.4,1.4,1.4,0.6,0.5,2.8,24.4,16,0,-4.5
MIN,38,80,45,35,20.7,10.3,3.9,9.3,41.5,1.3,3.9,33.1,1.3,1.4,90.3,0.3,1.0,1.2,2.3,1.2,0.5,0.1,1.1,15.9,0,0,-1.9
BOS,28,51,21,30,20.4,10.3,4.3,7.6,56.5,0.0,0.0,0.0,1.7,2.3,73.9,2.1,4.7,6.9,2.2,1.8,0.9,0.5,1.9,24.0,9,1,-4.2
DAL,25,82,24,58,27.8,10.2,3.8,8.9,42.6,1.6,4.4,37.3,1.0,1.3,79.6,0.3,2.7,3.0,2.5,1.0,0.8,0.1,1.9,19.3,3,0,0.0
ORL,30,75,23,52,23.5,10.2,3.3,7.2,45.2,1.5,3.6,41.9,2.2,2.5,86.8,0.4,1.7,2.1,3.8,1.6,0.7,0.0,1.3,19.0,2,0,-1.7
BOS,24,54,38,16,29.9,10.2,3.5,9.5,36.7,1.4,4.6,30.1,1.8,2.5,72.9,0.8,2.7,3.5,4.8,2.4,1.3,0.4,2.5,24.4,0,0,3.9
CHI,24,77,26,51,27.2,10.2,3.9,9.4,41.7,1.9,4.8,38.6,0.5,0.7,74.5,0.6,4.5,5.1,3.2,1.3,0.8,0.1,2.4,22.7,5,0,-3.5
LAL,20,52,24,28,34.2,10.2,3.9,10.8,36.0,1.7,5.7,30.5,0.6,1.4,45.1,1.3,5.6,6.9,7.2,2.6,1.7,0.8,2.3,34.3,13,2,-0.4
SAS,37,77,45,32,23.5,10.1,3.7,8.1,45.8,0.6,1.6,35.8,2.1,2.7,75.6,1.7,6.4,8.0,3.1,1.4,0.3,1.0,1.6,27.0,16,1,0.8
SAS,29,82,47,35,25.7,10.0,3.4,8.3,41.1,1.9,5.0,37.2,1.3,1.4,89.0,0.3,1.6,1.9,2.8,1.3,0.7,0.1,1.6,17.6,0,0,1.4
TOR,31,70,50,20,19.1,10.0,3.2,8.6,37.9,2.3,6.5,36.1,1.2,1.4,83.5,0.3,1.9,2.2,0.8,0.6,0.5,0.3,1.9,15.7,0,0,3.9
DEN,31,74,41,33,31.7,10.0,3.8,8.5,44.5,1.2,3.3,35.8,1.2,1.5,77.2,1.4,4.0,5.4,2.1,1.2,0.6,0.5,2.1,21.7,4,0,0.8
CLE,32,67,28,39,27.0,10.0,3.5,7.7,46.0,1.3,3.1,41.5,1.6,2.1,78.6,0.6,2.1,2.7,2.8,1.3,0.9,0.4,1.9,20.0,0,0,-1.8
ATL,28,62,18,44,24.9,10.0,4.0,7.7,52.4,0.8,2.3,35.5,1.1,1.4,77.9,1.6,6.3,7.9,1.5,1.4,0.6,0.8,2.6,24.6,15,0,-2.5
DEN,22,73,41,32,19.1,9.9,3.7,7.5,49.1,1.1,3.0,38.1,1.4,2.0,70.6,0.8,4.0,4.8,1.2,0.8,0.4,0.5,1.5,19.3,6,0,0.1
LAC,24,30,17,13,28.4,9.7,3.7,8.2,44.5,0.3,1.3,25.0,2.0,2.6,78.2,0.7,2.8,3.5,2.4,1.5,0.9,0.4,2.8,19.9,0,0,-0.8
UTA,27,80,52,28,26.1,9.7,3.4,8.4,40.4,1.4,4.3,32.3,1.5,1.9,81.8,0.7,2.7,3.4,1.2,0.9,0.8,0.3,2.3,17.9,0,0,0.3
ORL,23,75,21,54,22.1,9.6,3.6,8.2,44.2,1.2,3.6,33.7,1.1,1.4,81.9,0.5,3.2,3.7,1.4,1.1,1.1,0.4,1.8,19.6,2,0,-2.7
CHA,32,78,33,45,25.7,9.5,3.3,7.2,45.8,1.6,3.9,41.3,1.3,1.6,82.9,0.9,3.8,4.7,1.2,0.8,0.7,0.5,1.5,19.8,3,0,0.9
LAC,31,45,29,16,25.2,9.5,3.4,8.0,41.9,2.0,5.2,37.9,0.9,1.0,84.8,0.4,2.4,2.8,4.6,2.2,0.5,0.1,2.3,19.6,0,0,1.9
MEM,23,56,17,39,23.7,9.5,3.2,7.7,42.2,0.8,2.5,33.1,2.2,2.8,78.0,0.4,1.9,2.3,3.2,1.4,0.7,0.5,2.5,19.0,0,0,-3.6
GSW,25,33,21,12,22.4,9.5,3.7,7.6,48.4,1.4,3.2,44.2,0.7,0.8,88.0,0.3,2.2,2.5,2.7,1.0,0.4,0.0,1.8,16.7,0,0,-1.2
HOU,30,66,52,14,26.1,9.3,3.1,7.3,43.1,2.0,5.1,38.6,1.1,1.4,77.4,1.4,3.6,5.0,0.9,0.6,0.4,0.3,1.9,18.1,2,0,3.8
POR,27,69,40,29,30.0,9.3,3.3,8.4,39.5,1.8,4.9,36.9,0.9,1.2,73.8,1.4,6.2,7.6,1.2,1.1,1.1,0.6,2.0,24.3,9,0,3.2
NOP,27,36,11,25,19.1,9.3,3.4,8.9,38.3,0.7,2.7,26.5,1.8,2.3,76.2,0.4,2.1,2.5,3.5,1.4,0.8,0.2,1.3,19.1,0,0,-1.1
MEM,23,35,10,25,19.8,9.3,3.3,7.7,43.1,1.4,3.5,40.2,1.3,1.7,74.6,0.5,1.1,1.6,1.9,1.5,0.5,0.1,1.7,14.5,0,0,-2.9
IND,27,82,48,34,22.6,9.2,3.7,8.6,42.7,0.8,2.8,28.9,1.0,1.5,66.1,0.8,4.4,5.2,2.9,1.6,0.6,0.2,2.2,20.4,3,0,-1.3
CLE,37,73,43,30,21.6,9.2,3.0,6.6,45.9,2.2,5.2,43.6,0.9,1.0,88.9,0.1,2.1,2.3,1.2,0.8,0.4,0.4,1.8,15.4,0,0,3.8
CHA,24,74,34,40,25.0,9.2,3.8,7.6,50.4,0.0,0.0,0.0,1.6,2.3,68.4,1.1,2.9,4.1,1.0,0.7,0.7,0.4,1.9,18.2,2,0,0.7
DET,33,79,37,42,22.2,8.9,2.8,6.0,46.4,2.0,4.6,43.6,1.3,1.7,79.7,0.6,2.4,3.1,1.1,0.7,0.4,0.3,1.8,15.5,1,0,0.3
PHX,26,79,20,59,20.5,8.9,2.9,7.3,40.3,2.3,5.8,40.0,0.7,0.8,87.5,0.2,1.5,1.6,0.6,0.7,0.3,0.1,1.7,12.2,0,0,-5.2
SAS,40,65,39,26,20.0,8.9,3.1,7.1,43.4,1.0,3.0,33.3,1.7,2.0,84.0,0.3,1.9,2.2,2.5,1.6,0.7,0.2,1.9,16.4,0,0,1.1
CHI,23,25,7,18,23.3,8.8,3.5,8.6,40.5,1.4,3.6,38.5,0.5,0.6,75.0,0.7,2.0,2.8,4.5,1.4,1.0,0.4,1.8,21.7,1,0,-3.6
WAS,29,76,39,37,18.5,8.8,3.6,6.9,52.7,0.9,2.1,40.5,0.7,1.0,65.8,0.7,2.6,3.3,1.1,1.0,0.3,0.1,1.9,14.5,0,0,-1.1
MIL,27,76,39,37,25.9,8.8,3.8,6.6,57.2,0.0,0.1,14.3,1.2,2.1,57.0,2.0,4.8,6.8,1.5,1.1,0.6,1.4,2.7,24.1,10,0,2.2
DAL,23,11,1,10,16.0,8.7,3.6,6.8,53.3,0.1,0.5,16.7,1.4,2.5,53.6,1.3,3.2,4.5,0.6,0.8,0.3,0.2,1.6,15.6,1,0,-1.5
SAC,22,60,19,41,20.7,8.7,3.4,7.6,44.8,0.3,0.9,35.3,1.6,2.0,80.5,1.6,3.2,4.8,1.2,1.2,0.4,0.8,2.2,18.7,3,0,-2.0
ORL,27,24,10,14,25.0,8.7,3.2,8.0,39.8,1.3,3.9,32.3,1.1,1.5,75.0,0.4,2.6,3.0,1.6,1.2,1.1,0.5,1.9,18.3,0,0,-2.0
POR,26,74,46,28,20.7,8.7,3.0,7.2,42.0,1.1,2.9,37.6,1.6,1.9,84.1,0.4,1.9,2.3,2.0,1.2,1.1,0.2,1.1,17.1,0,0,1.1
CLE,25,66,32,34,21.5,8.7,3.6,6.3,58.1,0.0,0.2,16.7,1.4,2.1,66.4,2.4,4.4,6.8,1.2,0.8,1.3,0.6,2.6,23.7,11,0,0.3
DET,22,69,33,36,27.4,8.7,3.0,8.1,37.5,1.0,3.4,28.6,1.6,2.1,77.2,0.5,3.2,3.7,1.6,1.1,1.4,0.2,2.4,19.1,2,0,-0.7
NYK,22,64,29,35,19.4,8.6,3.2,8.2,38.8,0.7,2.3,31.8,1.5,2.0,76.0,0.4,2.0,2.4,3.2,1.8,0.6,0.2,1.3,17.0,1,0,-4.2
TOR,24,76,55,21,20.0,8.6,3.1,7.2,42.6,1.4,3.4,41.4,1.1,1.3,83.2,0.3,2.1,2.4,3.2,1.0,0.9,0.3,1.7,18.8,0,0,4.6
PHX,27,20,9,11,21.1,8.6,2.6,6.9,38.0,1.1,3.3,33.3,2.3,2.6,90.2,0.3,2.0,2.3,3.8,1.5,0.8,0.1,1.8,18.1,0,0,1.0
SAS,31,70,40,30,25.6,8.6,3.1,8.0,38.7,1.7,4.6,36.3,0.7,0.9,76.9,0.6,3.0,3.6,1.6,1.1,0.9,1.1,1.7,20.3,0,0,1.3
PHX,25,69,20,49,20.2,8.5,3.1,5.5,56.6,0.0,0.0,33.3,2.3,3.3,68.4,2.5,5.0,7.5,1.2,1.1,0.4,0.9,2.3,22.0,12,0,-3.7
BOS,30,4,2,2,10.0,8.5,3.5,5.8,60.9,1.5,3.0,50.0,0.0,0.0,0.0,0.0,0.8,0.8,1.0,0.8,0.0,0.0,1.3,10.2,0,0,-0.3
DAL,26,79,23,56,21.2,8.5,3.2,5.4,59.3,0.4,1.1,33.3,1.7,2.3,71.9,1.7,3.9,5.6,1.2,0.7,0.8,0.4,2.4,20.0,5,0,0.1
OKC,24,81,48,33,20.3,8.4,3.0,5.6,53.5,0.4,1.4,29.1,2.0,3.0,67.5,1.1,2.9,3.9,0.7,0.7,0.4,1.0,1.9,17.5,2,0,0.2
SAC,32,65,23,42,24.8,8.4,3.1,7.3,41.8,1.4,3.5,39.2,0.9,1.2,76.9,0.3,2.0,2.3,1.9,1.2,0.9,0.4,2.1,16.7,0,0,-4.0
WAS,34,82,43,39,25.3,8.4,3.5,6.8,51.8,0.0,0.0,0.0,1.3,2.0,67.5,2.2,5.4,7.6,1.8,1.2,0.5,0.7,2.1,22.8,15,0,1.3
DEN,35,71,33,38,18.9,8.4,2.6,6.4,41.2,1.1,3.2,34.8,2.0,2.4,83.5,0.2,1.6,1.8,2.1,1.1,0.7,0.2,2.2,15.2,0,0,1.5
CHI,25,74,24,50,22.8,8.4,2.8,6.8,41.6,0.8,2.5,32.6,1.9,2.5,74.5,0.4,1.9,2.3,4.6,1.2,0.9,0.1,1.8,19.7,5,0,-3.4
MIN,29,25,15,10,16.8,8.4,3.2,7.4,43.5,0.3,1.2,23.3,1.6,1.8,87.0,0.5,0.9,1.4,1.5,1.4,0.3,0.2,0.6,12.2,0,0,-2.1
CLE,32,80,49,31,28.1,8.3,3.0,7.4,40.3,1.8,4.8,37.5,0.5,0.7,69.6,0.4,2.6,2.9,1.8,1.0,0.9,0.1,2.0,16.4,0,0,-1.5
NOP,32,65,41,24,26.2,8.3,3.6,7.6,46.8,0.8,2.3,33.3,0.4,0.7,54.3,0.5,3.6,4.0,8.2,2.3,1.1,0.2,1.8,26.8,15,2,0.3
POR,29,79,48,31,25.7,8.2,3.3,7.3,44.7,0.5,1.7,31.8,1.2,1.4,85.0,0.4,2.7,3.1,2.2,1.3,0.6,0.4,2.1,16.8,0,0,-0.6
UTA,34,38,16,22,21.2,8.2,3.1,6.3,49.2,0.8,2.2,38.1,1.2,1.4,81.5,0.8,3.5,4.2,0.9,0.8,1.4,0.3,1.6,18.9,2,0,1.5
BKN,20,72,25,47,20.0,8.2,3.3,5.5,58.9,0.1,0.2,33.3,1.6,2.0,77.6,2.0,3.4,5.4,0.7,1.1,0.4,1.2,2.0,19.3,4,0,-2.0
UTA,22,14,10,4,16.8,8.1,3.0,6.2,48.3,0.4,1.3,27.8,1.8,2.2,80.6,0.3,1.6,1.9,3.1,1.4,0.6,0.2,1.4,15.9,0,0,2.3
SAS,21,81,47,34,21.5,8.1,3.3,7.5,44.3,0.1,0.4,26.5,1.3,1.8,70.9,1.4,4.3,5.7,2.9,1.7,1.2,0.4,1.9,22.2,7,0,1.9
TOR,26,69,49,20,20.8,8.0,2.9,6.3,46.5,0.8,2.2,36.6,1.4,1.7,82.9,0.7,2.2,2.9,2.9,1.1,1.0,0.5,1.2,19.3,1,0,3.4
HOU,32,1,0,1,34.5,8.0,3.0,9.0,33.3,1.0,4.0,25.0,1.0,2.0,50.0,2.0,1.0,3.0,1.0,1.0,0.0,0.0,4.0,12.1,0,0,-10.0
CHI,21,19,3,16,16.5,7.9,2.8,7.5,37.1,0.8,2.7,28.8,1.6,2.1,76.9,0.2,1.5,1.7,1.1,0.6,0.4,0.1,1.0,12.3,0,0,-0.3
SAC,24,52,17,35,18.9,7.9,2.8,7.3,37.9,0.6,1.7,36.0,1.8,2.2,81.7,0.6,1.9,2.5,2.8,1.3,0.7,0.2,1.4,16.5,0,0,-0.7
CHI,25,70,26,44,23.5,7.9,2.9,6.0,47.8,0.3,0.7,34.6,1.9,2.9,65.5,1.3,3.4,4.7,1.5,1.1,0.8,0.4,2.3,18.4,3,0,-3.4
IND,26,82,48,34,27.0,7.9,3.1,7.4,42.4,0.8,2.3,35.3,0.9,1.1,74.5,0.5,2.7,3.2,3.2,1.1,1.0,0.2,1.7,19.0,1,0,-0.6
SAS,24,74,41,33,26.7,7.9,3.1,5.9,52.7,0.3,0.8,33.3,1.4,2.0,71.2,1.1,4.2,5.4,2.7,1.3,1.6,0.8,1.5,24.2,6,0,1.9
MEM,29,36,12,24,19.2,7.9,3.0,6.5,46.2,1.4,3.4,42.1,0.5,0.8,63.0,0.4,2.1,2.5,1.9,1.0,0.5,0.3,1.5,15.2,0,0,-2.4
LAL,23,63,27,36,23.2,7.9,2.8,6.0,46.9,1.2,3.1,39.6,1.0,1.5,70.2,0.7,3.5,4.2,1.3,0.7,0.7,0.3,1.7,17.0,8,0,-1.1
PHI,29,39,21,18,23.7,7.9,2.8,6.7,41.6,1.4,3.7,37.0,0.9,1.1,79.5,0.4,1.7,2.1,1.4,1.2,0.6,0.2,2.3,13.5,0,0,-1.8
PHX,22,71,20,51,23.4,7.8,3.0,7.8,38.8,0.6,2.1,28.8,1.2,1.4,83.2,0.3,1.5,1.8,4.4,1.8,1.0,0.1,1.7,18.0,4,0,-4.4
MIA,22,68,33,35,24.7,7.8,3.0,7.2,42.4,0.7,1.9,38.0,1.0,1.5,63.5,0.9,4.5,5.4,2.2,1.1,0.8,0.5,2.1,20.3,2,0,0.4
DAL,26,81,30,51,21.8,7.8,2.9,6.3,46.7,1.1,2.7,42.6,0.8,1.0,79.0,0.5,2.0,2.5,1.0,0.7,0.2,0.2,1.5,12.8,0,0,-0.4
NOP,28,82,48,34,23.7,7.8,2.6,5.9,44.4,1.8,4.4,41.1,0.7,0.8,86.6,0.2,1.8,2.0,1.4,0.7,0.3,0.2,2.0,13.1,0,0,-0.3
MEM,24,73,21,52,22.7,7.7,3.0,6.8,44.6,0.5,1.3,34.7,1.2,1.6,76.7,1.3,3.0,4.4,1.0,1.2,0.5,0.7,2.9,16.9,2,0,-3.6
ORL,30,52,15,37,13.0,7.7,2.7,6.7,39.5,1.7,4.5,36.9,0.8,1.1,72.7,0.4,2.2,2.6,0.8,0.8,0.2,0.4,2.0,12.9,1,0,0.5
PHX,20,72,19,53,21.2,7.7,2.8,6.6,42.3,0.8,2.6,29.5,1.3,2.2,60.8,1.1,4.4,5.5,1.2,1.5,0.7,1.0,2.8,19.6,5,0,-4.1
UTA,26,64,37,27,16.5,7.7,2.7,6.5,41.1,0.7,2.2,33.1,1.7,1.9,86.3,0.3,2.7,3.0,1.0,0.9,0.6,0.1,1.2,14.1,0,0,-0.2
MEM,32,66,21,45,21.5,7.7,2.5,6.7,37.9,0.8,2.9,27.7,1.8,2.1,85.5,0.2,2.2,2.4,3.0,1.8,1.2,0.2,2.7,17.5,1,0,-0.9
SAS,36,55,32,23,19.5,7.7,3.2,7.1,45.9,0.2,0.7,27.0,1.0,1.4,70.5,0.1,1.6,1.7,3.5,1.2,0.5,0.0,0.9,15.4,0,0,-0.2
DET,22,73,34,39,20.0,7.6,2.8,6.4,44.3,1.1,2.7,41.5,0.9,1.0,85.5,0.3,2.1,2.4,1.7,0.9,0.6,0.2,1.2,14.5,1,0,1.6
ATL,26,53,14,39,20.0,7.6,2.7,5.9,45.8,1.2,3.2,37.1,1.1,1.2,91.9,1.1,3.3,4.3,1.0,0.8,0.6,0.5,1.5,16.8,2,0,-1.5
HOU,31,61,52,9,25.6,7.5,2.7,5.7,48.1,1.0,2.8,36.4,1.1,1.6,68.4,0.4,2.7,3.0,0.9,1.1,1.2,0.4,1.6,16.2,0,0,5.0
MEM,25,56,7,49,19.5,7.5,2.8,6.7,42.1,1.0,2.8,34.6,0.9,1.1,82.8,0.6,1.9,2.5,0.9,1.1,0.7,0.3,2.5,13.6,0,0,-5.7
NYK,34,62,26,36,25.0,7.5,3.0,7.1,42.7,0.4,1.4,29.1,1.0,1.2,84.0,0.4,2.7,3.1,5.6,1.9,0.6,0.1,1.6,19.7,3,1,-0.3
NOP,27,74,43,31,19.7,7.4,3.0,6.7,44.8,0.8,2.6,31.8,0.6,0.8,76.3,0.1,1.6,1.7,1.5,0.8,0.4,0.1,1.6,12.7,0,0,0.4
DET,29,29,10,19,14.7,7.4,2.8,6.8,41.4,0.5,1.6,33.3,1.2,1.4,87.8,0.4,1.0,1.4,2.0,1.3,0.7,0.1,1.3,13.0,0,0,0.1
TOR,24,81,59,22,20.7,7.3,3.1,6.1,50.8,0.4,1.6,22.0,0.7,1.1,62.1,1.0,3.5,4.5,2.0,0.8,0.8,0.5,2.0,18.6,0,0,3.7
GSW,33,80,56,24,17.4,7.3,2.5,6.1,41.2,1.5,4.1,37.7,0.7,0.8,86.2,0.3,1.3,1.6,0.5,0.5,0.5,0.1,1.3,11.0,0,0,0.5
ATL,22,56,15,41,17.4,7.2,2.6,6.8,37.7,1.3,3.6,36.2,0.8,1.1,71.4,0.3,2.0,2.3,1.4,0.7,0.3,0.1,1.1,12.7,0,0,-2.7
WAS,26,73,39,34,22.5,7.2,2.8,5.3,52.3,0.6,1.4,46.5,1.0,1.3,78.1,1.0,2.2,3.2,3.9,1.1,0.7,0.2,1.8,18.5,0,0,1.1
NYK,28,77,28,49,18.0,7.1,2.9,5.0,58.3,0.1,0.2,23.5,1.3,1.6,77.2,1.6,4.5,6.1,2.1,1.3,0.5,1.3,2.5,21.5,8,0,-0.5
PHI,20,14,11,3,18.1,7.1,3.2,7.9,40.5,0.0,0.1,0.0,0.7,1.5,47.6,0.8,2.3,3.1,3.8,1.2,0.9,0.3,1.6,18.7,1,1,1.4
DET,27,72,25,47,22.3,7.1,2.5,5.3,47.4,0.7,2.1,33.3,1.3,1.6,83.6,1.0,2.1,3.1,1.0,0.8,0.7,0.3,1.9,14.3,1,0,-2.5
MIL,32,10,4,6,15.9,7.1,2.5,5.7,43.9,2.1,4.5,46.7,0.0,0.0,0.0,0.3,2.0,2.3,1.0,0.7,0.4,0.1,1.4,12.2,0,0,-3.3
DEN,28,74,40,34,19.5,7.1,3.0,5.0,60.1,0.0,0.0,0.0,1.1,2.4,45.8,1.8,3.6,5.4,1.9,1.4,0.7,1.1,2.5,20.3,3,0,-0.7
CHA,25,33,14,19,19.0,7.1,2.6,4.7,54.5,0.1,0.1,66.7,1.8,2.6,71.8,2.0,3.3,5.4,0.9,1.0,0.4,0.6,2.5,17.1,1,0,0.7
IND,33,36,17,19,13.4,7.0,3.1,5.8,53.4,0.0,0.1,0.0,0.8,1.0,83.3,0.8,3.1,4.0,0.8,0.6,0.4,0.6,1.8,15.7,1,0,-0.3
LAC,27,15,6,9,18.3,7.0,2.5,5.4,46.9,1.8,4.2,42.9,0.1,0.3,50.0,0.2,1.9,2.1,0.7,0.5,0.3,0.5,2.3,12.6,0,0,-0.1
SAS,24,80,46,34,19.0,6.9,2.6,6.2,42.1,1.1,2.9,39.0,0.6,0.9,66.7,0.2,1.2,1.4,1.0,0.5,0.4,0.0,1.4,10.8,0,0,1.5
TOR,22,82,59,23,18.6,6.9,3.1,4.7,65.9,0.0,0.0,50.0,0.7,1.2,59.4,2.0,2.8,4.8,0.7,1.0,0.5,1.2,2.6,17.8,4,0,3.0
MIA,20,69,34,35,19.8,6.9,2.5,4.9,51.2,0.0,0.1,0.0,1.9,2.6,72.1,1.7,3.8,5.5,1.5,1.0,0.5,0.6,2.0,18.0,7,0,-0.4
OKC,34,82,48,34,16.6,6.9,2.7,6.7,40.6,1.0,2.8,35.2,0.4,0.5,81.8,0.3,1.6,1.9,2.5,0.9,0.6,0.2,1.1,14.3,0,0,-0.6
MIL,26,75,42,33,27.4,6.9,2.5,5.7,43.5,1.4,3.6,40.3,0.5,0.6,79.2,0.1,1.8,1.9,1.3,0.5,0.6,0.4,1.5,13.6,0,0,-0.7
ORL,28,69,21,48,19.8,6.9,2.6,6.0,43.0,0.7,2.0,34.5,1.0,1.4,71.1,0.3,2.1,2.4,3.9,1.3,0.8,0.1,1.3,17.1,1,0,-1.1
GSW,37,73,52,21,13.7,6.8,3.0,5.2,57.1,0.0,0.1,37.5,0.8,1.1,75.9,0.9,2.4,3.3,1.9,1.1,0.6,1.0,1.6,17.4,0,0,0.5
MIN,30,67,38,29,20.5,6.8,2.6,5.5,46.1,1.1,2.7,41.5,0.5,0.7,80.0,0.8,3.3,4.1,1.3,0.8,0.7,0.2,2.1,15.8,1,0,0.1
HOU,37,55,35,20,21.9,6.8,2.7,6.5,40.6,0.7,2.6,27.6,0.7,0.8,88.9,0.3,2.9,3.1,1.5,0.9,0.3,0.1,1.2,13.3,0,0,-1.5
SAC,29,71,22,49,19.6,6.7,3.1,5.5,57.1,0.0,0.0,0.0,0.5,1.0,44.6,2.1,4.5,6.6,1.2,0.7,0.7,0.5,2.1,19.2,6,0,-3.1
NYK,22,20,6,14,16.3,6.7,2.5,6.3,39.2,1.4,4.0,35.4,0.4,0.6,72.7,0.6,2.7,3.2,1.3,0.6,0.3,0.8,1.4,15.2,1,0,-3.6
CHA,20,63,26,37,13.5,6.7,2.4,6.7,36.0,1.3,3.9,34.2,0.5,0.6,84.2,0.1,0.9,1.0,1.4,0.8,0.3,0.1,1.0,10.7,0,0,-3.0
MIL,28,66,27,39,16.8,6.7,2.8,5.1,56.0,0.2,0.4,35.7,0.9,1.2,72.2,1.7,3.0,4.6,0.7,0.7,0.2,0.5,1.9,14.9,0,0,0.4
DAL,23,9,2,7,25.9,6.7,2.1,7.7,27.5,1.0,4.8,20.9,1.4,1.9,76.5,0.4,2.2,2.7,1.2,0.3,1.0,0.2,3.0,15.0,0,0,-8.0
SAC,23,68,21,47,22.2,6.7,2.7,6.2,44.2,0.8,2.7,30.8,0.4,0.5,72.2,0.4,2.4,2.8,1.1,0.6,0.4,0.2,1.2,12.8,0,0,-3.5
ATL,23,67,18,49,17.4,6.6,2.4,5.8,41.8,0.3,1.2,25.0,1.5,2.1,70.2,0.3,1.1,1.4,3.1,1.3,0.5,0.1,1.7,13.7,0,0,-0.5
PHX,25,23,6,17,17.5,6.6,2.4,5.6,43.4,0.7,2.5,25.9,1.1,1.3,80.6,0.6,2.7,3.3,1.1,0.5,0.3,0.3,1.0,13.4,0,0,0.8
PHX,24,23,3,20,16.7,6.6,2.6,5.4,47.6,0.3,1.1,23.1,1.2,1.7,73.7,0.4,2.3,2.7,2.4,1.0,1.1,0.3,1.8,16.7,1,0,2.0
NOP,29,5,3,2,10.7,6.6,2.4,5.4,44.4,1.6,2.8,57.1,0.2,0.2,100,0.4,0.4,0.8,2.6,1.0,0.2,0.2,1.4,11.7,0,0,-3.8
HOU,35,52,42,10,14.6,6.5,2.6,4.6,56.9,0.0,0.0,0.0,1.3,2.1,63.6,1.0,2.3,3.4,0.9,0.7,0.5,0.3,2.4,13.6,0,0,5.1
POR,25,59,36,23,21.4,6.5,2.5,5.0,49.5,0.8,2.0,41.5,0.7,1.0,71.2,0.8,2.0,2.7,0.9,0.7,0.8,0.7,1.7,15.1,0,0,0.1
PHX,35,46,15,31,25.0,6.5,2.6,4.1,64.7,0.0,0.0,0.0,1.3,2.0,62.4,2.9,6.2,9.1,1.2,1.3,0.3,0.6,2.3,20.7,4,0,-5.3
PHI,24,48,30,18,15.5,6.5,2.8,5.0,56.0,0.1,0.6,12.9,0.8,1.2,66.1,1.2,3.2,4.4,1.3,0.5,0.4,0.6,2.0,16.2,1,0,-0.8
PHX,20,82,21,61,25.2,6.5,2.3,5.9,38.6,1.4,3.9,36.6,0.5,0.6,76.5,0.5,3.9,4.4,1.6,1.4,0.3,0.6,2.0,15.5,3,0,-5.7
PHX,24,5,0,5,17.3,6.4,2.2,8.2,26.8,0.6,2.6,23.1,1.4,2.2,63.6,0.4,1.6,2.0,2.4,1.4,1.6,0.4,1.6,17.0,0,0,-13.8
CHI,28,52,22,30,12.3,6.3,2.1,5.7,37.4,0.9,2.8,31.9,1.2,1.4,88.9,0.1,1.6,1.7,0.9,0.7,0.3,0.1,0.6,10.0,0,0,-2.2
NYK,23,21,7,14,14.6,6.3,2.4,5.2,46.8,0.5,1.8,28.9,1.0,1.4,66.7,1.0,2.0,3.0,0.8,0.9,1.0,0.2,1.6,13.6,0,0,-1.5
WAS,30,77,41,36,14.5,6.3,2.0,5.1,39.9,0.9,2.7,34.3,1.3,1.5,86.3,0.2,1.4,1.6,0.9,0.5,0.4,0.1,0.7,10.5,0,0,-2.0
IND,30,68,36,32,17.0,6.3,2.6,5.0,51.6,0.1,0.5,24.2,1.0,1.4,71.0,1.7,3.0,4.7,1.2,0.9,0.4,0.3,1.8,15.0,4,0,-0.3
PHI,26,76,50,26,22.5,6.3,2.8,5.5,49.9,0.4,0.8,43.5,0.4,0.5,79.5,0.5,2.5,3.0,4.0,1.5,1.2,0.2,1.6,18.5,2,1,-0.9
BKN,22,28,7,21,12.6,6.3,2.8,4.9,55.8,0.0,0.1,25.0,0.8,1.0,72.4,0.8,2.3,3.0,0.4,0.8,0.1,0.6,1.8,12.1,0,0,-5.8
ATL,29,54,16,38,18.8,6.3,2.0,5.3,38.2,0.9,2.3,37.1,1.4,1.7,80.4,0.2,1.7,1.9,3.0,1.2,0.6,0.1,1.5,14.1,0,0,-1.9
BKN,23,16,2,14,11.2,6.3,2.5,5.4,46.5,0.4,1.1,38.9,0.8,1.2,68.4,0.3,1.4,1.6,1.3,1.5,0.5,0.1,1.4,10.5,0,0,-0.5
PHI,24,38,27,11,13.7,6.2,2.3,5.3,43.1,0.9,2.7,33.0,0.7,1.0,73.7,0.7,1.8,2.4,0.7,0.4,0.4,0.2,1.4,11.5,0,0,-2.2
DET,26,58,28,30,14.9,6.2,2.2,5.9,37.1,1.3,3.8,34.4,0.6,0.7,80.5,0.2,1.4,1.6,1.0,0.3,0.6,0.1,0.7,11.4,0,0,1.3
MEM,20,32,6,26,20.1,6.1,2.5,5.9,42.3,0.3,1.2,28.2,0.8,0.8,100,0.4,1.1,1.6,2.1,1.4,0.6,0.2,1.9,12.0,0,0,-6.7
HOU,33,82,65,17,27.8,6.1,2.1,5.4,39.0,1.4,3.8,37.1,0.5,0.7,71.7,1.1,4.4,5.6,0.9,0.9,1.0,0.3,2.5,17.1,3,0,6.4
LAC,29,39,18,21,8.7,6.0,2.0,3.8,53.4,0.0,0.0,0.0,2.0,2.5,79.4,1.2,2.5,3.7,0.6,0.9,0.3,0.3,1.3,12.0,1,0,1.4
GSW,34,64,46,18,25.4,6.0,2.3,5.0,46.3,0.5,1.8,28.2,0.9,1.4,63.2,0.8,3.1,3.8,3.3,1.0,0.8,0.6,1.5,18.8,0,0,4.3
ORL,24,16,5,11,18.1,6.0,2.2,6.7,32.7,0.8,3.3,25.0,0.8,0.9,86.7,0.1,1.6,1.7,1.1,0.6,0.2,0.2,1.6,10.1,0,0,-3.6
BOS,31,81,54,27,18.3,6.0,2.6,5.5,47.1,0.0,0.3,14.3,0.7,1.0,75.6,1.6,3.8,5.4,1.1,1.0,0.3,0.6,2.5,15.8,4,0,2.3
MIN,28,79,45,34,16.9,5.9,2.4,4.9,47.9,0.2,0.8,31.1,1.0,1.3,77.5,1.3,3.2,4.6,0.9,0.7,0.6,0.5,1.9,15.2,2,0,-2.6
NYK,19,78,28,50,21.9,5.9,2.3,6.4,36.4,0.6,2.0,31.8,0.6,0.9,72.1,0.5,1.8,2.3,3.2,1.7,0.8,0.2,2.3,15.0,1,0,-1.3
SAS,25,77,43,34,14.1,5.9,2.1,4.8,44.0,1.2,3.3,37.3,0.5,0.6,81.6,0.2,1.8,2.0,1.0,0.5,0.3,0.4,1.2,11.4,0,0,1.2
TOR,20,74,51,23,20.0,5.9,2.2,4.7,47.1,1.0,2.7,37.1,0.5,0.8,62.9,0.6,1.9,2.5,0.7,0.6,0.7,0.2,1.8,12.1,0,0,4.0
DEN,28,32,16,16,14.4,5.9,2.4,4.6,51.4,0.0,0.0,0.0,1.1,1.6,70.6,2.1,2.7,4.8,0.6,0.7,0.4,0.4,1.6,14.1,3,0,-1.3
BKN,27,70,26,44,19.4,5.9,1.9,5.2,35.6,1.5,4.2,34.9,0.7,0.9,81.7,0.6,3.1,3.7,0.8,0.9,0.5,0.4,2.1,13.3,0,0,-0.8
DAL,25,21,4,17,21.3,5.9,2.2,5.8,38.0,1.0,3.2,29.9,0.5,0.7,73.3,1.0,2.5,3.6,1.2,1.0,0.5,0.2,2.0,13.0,1,0,-1.1
MEM,21,62,16,46,15.2,5.8,2.6,4.3,60.8,0.0,0.0,0.0,0.6,0.9,66.7,1.2,2.8,4.0,0.6,0.5,0.2,0.6,2.0,13.7,1,0,-2.6
MEM,24,5,0,5,23.6,5.8,2.4,8.4,28.6,0.2,2.8,7.1,0.8,1.8,44.4,0.0,1.0,1.0,3.6,2.2,1.2,0.6,3.6,15.6,0,0,-11.8
UTA,31,74,45,29,15.3,5.8,2.1,4.6,46.6,0.9,2.1,41.4,0.6,0.8,80.7,0.7,2.6,3.3,0.6,0.4,0.3,0.2,1.7,11.7,0,0,0.8
CLE,27,53,27,26,20.2,5.8,2.5,4.4,56.2,0.0,0.0,0.0,0.8,1.5,54.4,2.4,4.3,6.6,0.6,0.7,0.3,0.3,1.9,15.9,3,0,-2.6
PHI,23,52,29,23,15.5,5.8,1.9,5.1,37.5,1.0,3.0,33.5,0.9,1.1,79.3,0.3,1.1,1.4,1.0,0.7,0.2,0.1,1.9,9.2,0,0,-0.1
SAC,27,7,4,3,12.5,5.7,1.9,3.9,48.1,0.0,0.0,0.0,2.0,2.7,73.7,2.0,2.3,4.3,0.9,0.4,0.1,0.0,1.9,12.1,0,0,-0.6
BKN,31,73,34,39,21.4,5.7,2.2,5.0,45.1,0.8,2.3,34.5,0.4,0.7,59.6,1.1,3.0,4.1,0.7,0.5,0.5,0.4,1.5,14.0,1,0,-1.1
ORL,25,82,25,57,18.2,5.7,2.2,4.3,52.0,0.0,0.0,0.0,1.2,1.9,65.0,1.8,4.0,5.7,0.8,1.0,0.3,1.2,1.9,17.0,7,0,-5.2
DAL,24,3,1,2,9.0,5.7,2.3,4.0,58.3,0.0,0.0,0.0,1.0,1.7,60.0,1.3,1.7,3.0,0.0,0.3,0.0,0.0,0.7,8.9,0,0,-1.7
GSW,30,53,40,13,14.0,5.7,2.3,3.9,58.0,0.2,0.4,45.5,0.9,1.3,72.5,0.6,3.2,3.8,1.0,0.7,0.3,0.4,1.3,13.0,3,0,1.0
CHI,25,55,13,42,17.8,5.6,2.3,3.9,59.1,0.0,0.0,0.0,1.0,1.5,66.7,1.5,2.7,4.2,1.0,1.0,0.3,0.2,1.9,12.7,3,0,-6.1
MEM,21,36,6,30,14.3,5.6,2.4,4.2,56.6,0.0,0.0,0.0,0.8,1.0,80.6,1.5,2.9,4.4,0.9,1.0,0.3,0.4,1.5,13.3,3,0,-2.7
GSW,32,71,49,22,15.9,5.5,2.4,4.8,50.1,0.0,0.1,0.0,0.7,0.9,82.0,0.5,1.4,1.8,2.0,0.8,0.5,0.3,1.6,12.3,0,0,1.6
LAC,28,38,17,21,18.6,5.5,2.3,5.2,44.2,0.6,2.1,28.2,0.3,0.4,81.3,0.3,1.2,1.5,1.1,0.5,0.8,0.3,1.7,11.9,0,0,-0.9
TOR,25,70,51,19,15.2,5.5,2.1,5.3,40.1,0.8,2.7,28.5,0.5,0.6,82.1,0.2,1.5,1.7,1.3,0.9,0.5,0.2,1.6,10.8,0,0,-0.3
MEM,29,4,1,3,18.8,5.5,2.3,5.3,42.9,1.0,3.0,33.3,0.0,0.0,0.0,1.0,1.8,2.8,1.8,0.8,0.5,0.0,1.5,12.2,0,0,2.5
LAC,30,74,38,36,20.1,5.4,2.0,5.0,40.8,0.8,2.4,33.9,0.6,0.8,74.1,0.4,2.5,2.9,0.8,0.7,1.0,0.8,2.0,15.0,1,0,-0.8
POR,22,7,4,3,11.5,5.4,2.0,3.0,66.7,0.6,0.7,80.0,0.9,1.4,60.0,0.1,1.0,1.1,0.7,0.6,0.3,0.1,1.7,8.6,0,0,0.7
GSW,34,69,47,22,14.1,5.4,2.2,3.8,56.4,0.0,0.0,0.0,1.1,1.3,80.6,1.3,3.4,4.7,1.6,1.0,0.6,0.2,1.8,14.7,2,0,2.8
SAC,41,58,20,38,17.7,5.4,2.0,4.9,40.3,1.0,2.8,34.5,0.5,0.6,75.7,0.3,2.2,2.6,1.2,0.6,0.7,0.4,1.7,13.1,0,0,-1.2
POR,25,82,49,33,18.1,5.4,2.0,4.8,42.3,0.9,2.6,35.2,0.5,0.5,84.1,0.4,1.5,2.0,1.1,0.5,0.3,0.3,1.5,10.5,0,0,1.7
DET,29,8,5,3,17.1,5.4,1.9,4.5,41.7,0.0,0.4,0.0,1.6,1.9,86.7,0.9,3.1,4.0,0.6,0.9,0.1,0.4,2.0,11.7,0,0,1.5
ORL,20,27,11,16,19.8,5.4,2.0,5.4,37.9,0.6,1.7,34.8,0.7,0.9,76.0,0.6,3.1,3.7,0.7,1.0,1.2,1.1,1.8,16.8,0,0,-3.7
DAL,26,72,20,52,16.8,5.4,2.1,4.3,48.9,0.6,1.8,31.3,0.6,0.8,74.6,1.0,2.3,3.3,0.7,0.4,0.4,0.7,1.6,12.9,1,0,-1.8
MEM,25,20,3,17,18.9,5.4,2.1,5.5,37.6,1.0,2.9,32.8,0.3,0.5,60.0,0.5,1.4,1.9,1.1,1.0,1.6,0.3,1.4,13.9,0,0,-1.5
POR,29,78,48,30,18.9,5.3,2.2,3.7,58.2,0.0,0.0,0.0,0.9,1.4,66.7,2.3,5.0,7.4,0.5,0.8,0.4,0.7,2.4,17.3,6,0,1.2
OKC,32,72,32,40,16.8,5.3,2.0,4.4,44.9,0.4,1.5,28.2,0.9,1.3,72.2,0.6,1.5,2.1,0.9,0.7,1.1,0.2,1.9,12.4,0,0,-0.8
BOS,26,63,44,19,14.9,5.3,2.0,3.7,54.1,0.3,0.9,31.0,1.0,1.3,75.3,1.4,2.9,4.3,0.9,0.9,0.5,0.8,2.5,14.6,2,0,0.0
ATL,23,26,8,18,17.5,5.2,2.0,4.9,41.4,0.4,1.2,36.7,0.7,1.3,57.6,0.3,2.5,2.8,1.9,1.8,0.8,0.5,1.5,13.4,0,0,-2.9
MIL,28,14,8,6,14.7,5.2,1.9,5.1,37.5,0.6,2.4,27.3,0.7,0.7,100,0.4,1.9,2.2,3.1,1.3,0.4,0.3,0.8,13.4,1,0,-4.5
MIA,29,50,15,35,14.3,5.2,1.8,4.3,42.3,1.2,3.1,38.5,0.3,0.4,77.3,0.1,1.8,1.9,0.6,0.4,0.2,0.1,1.1,8.9,0,0,-0.7
ORL,25,15,4,11,18.6,5.1,2.1,5.3,39.2,0.5,1.9,27.6,0.5,0.8,58.3,0.3,2.3,2.5,1.2,0.5,0.1,0.2,0.7,10.4,0,0,-0.4
CHA,24,48,20,28,10.3,5.1,1.9,3.4,55.5,0.1,0.3,41.7,1.2,1.9,65.6,1.3,2.5,3.8,0.7,0.7,0.4,0.3,1.3,12.1,4,0,0.0
MIN,22,82,47,35,17.9,5.1,1.8,4.0,45.7,0.5,1.6,34.9,0.9,1.0,87.7,0.2,1.4,1.6,2.8,0.7,1.2,0.1,1.3,14.2,0,0,2.2
MIA,26,18,11,7,16.6,5.1,2.0,4.1,49.3,0.8,1.9,42.9,0.2,0.4,50.0,0.6,1.2,1.8,0.9,0.2,0.4,0.2,1.2,10.2,0,0,1.8
LAL,35,53,28,25,13.1,5.0,2.0,4.0,49.1,0.7,2.2,33.9,0.3,0.4,89.5,0.2,2.3,2.5,0.7,0.4,0.3,0.2,1.3,10.5,0,0,2.2
MIL,25,43,25,18,9.7,5.0,2.0,4.4,44.7,0.2,0.6,25.9,0.9,1.2,78.0,0.5,1.2,1.8,0.3,0.1,0.2,0.1,0.7,8.3,0,0,-2.7
OKC,26,39,24,15,26.6,5.0,2.2,4.2,53.7,0.2,0.9,22.2,0.3,1.0,31.6,1.9,2.8,4.7,1.2,0.8,1.2,0.9,2.3,17.8,0,0,4.8
UTA,25,69,43,26,16.7,5.0,1.7,4.1,42.3,0.6,1.7,35.6,0.9,1.1,80.3,0.4,3.1,3.4,1.4,0.8,0.5,0.2,1.5,12.6,1,0,2.8
HOU,30,28,11,17,13.6,5.0,2.1,3.6,57.8,0.0,0.0,0.0,0.8,1.2,63.6,1.2,2.2,3.4,0.5,0.3,0.5,0.9,1.1,13.6,0,0,1.5
DET,36,50,25,25,20.3,4.9,1.9,4.9,38.9,0.8,2.5,33.1,0.3,0.4,80.0,0.3,1.8,2.1,3.6,1.3,0.5,0.1,1.6,13.3,0,0,-2.1
CHI,22,54,24,30,16.2,4.9,1.9,4.3,44.4,0.4,1.2,30.3,0.7,1.1,62.1,1.3,4.5,5.8,0.6,0.6,0.4,0.3,1.3,14.2,3,0,-0.7
NOP,21,52,29,23,11.2,4.9,2.0,3.4,58.0,0.0,0.0,0.0,1.0,1.3,75.8,0.9,3.2,4.1,0.4,0.5,0.2,0.4,1.6,11.6,3,0,-2.0
WAS,32,28,10,18,14.0,4.9,1.5,4.2,35.9,0.3,0.9,30.8,1.6,2.0,77.2,0.2,1.1,1.4,2.8,1.1,0.5,0.1,1.0,11.3,0,0,-3.0
LAC,21,48,24,24,16.2,4.8,1.9,5.3,35.2,0.3,1.1,27.8,0.8,1.0,77.6,0.2,1.6,1.8,2.1,0.9,0.8,0.1,2.0,11.7,0,0,0.2
MIL,21,74,40,34,16.7,4.8,1.8,4.3,41.1,0.4,1.4,29.8,0.9,1.3,69.9,1.0,2.0,3.0,0.6,0.6,0.5,0.7,2.2,12.5,0,0,-2.2
GSW,30,65,45,20,9.5,4.8,2.1,3.4,62.1,0.0,0.1,0.0,0.6,0.8,73.1,0.9,1.7,2.6,0.5,0.4,0.3,0.9,1.4,11.8,0,0,0.6
WAS,31,77,42,35,14.9,4.8,1.8,3.2,55.6,0.0,0.0,0.0,1.2,1.7,70.3,1.8,2.3,4.1,0.7,1.3,0.5,0.5,3.0,12.5,1,0,0.2
CHA,25,36,15,21,10.5,4.8,1.9,4.8,39.8,0.4,1.2,32.6,0.6,0.7,84.0,0.8,1.8,2.6,0.4,0.4,0.3,0.2,1.3,9.3,0,0,-2.4
OKC,24,75,42,33,15.1,4.7,1.5,3.9,39.5,1.1,2.9,38.0,0.5,0.6,84.8,0.3,1.2,1.5,0.4,0.3,0.5,0.1,1.7,8.6,0,0,0.6
ATL,24,39,11,28,13.3,4.7,1.7,3.9,44.1,0.8,2.3,36.0,0.4,0.5,81.0,1.2,2.1,3.3,0.7,0.3,0.2,0.1,1.6,10.3,0,0,-0.6
SAC,25,22,6,16,15.6,4.7,2.0,3.7,54.3,0.2,0.5,50.0,0.5,0.7,62.5,1.0,2.6,3.5,0.4,0.4,0.4,1.0,2.2,13.3,0,0,0.0
NOP,36,22,12,10,12.4,4.7,2.0,4.1,48.4,0.2,0.5,33.3,0.5,1.0,52.4,0.9,1.2,2.1,0.4,0.9,0.5,0.1,2.2,8.9,0,0,-0.9
ATL,22,6,2,4,16.4,4.7,2.2,5.3,40.6,0.3,1.7,20.0,0.0,0.0,0.0,0.3,2.3,2.7,1.2,1.0,0.3,0.2,0.3,10.1,0,0,-7.0
DET,28,42,20,22,10.2,4.6,1.9,2.9,66.9,0.0,0.0,50.0,0.8,1.3,58.2,0.8,2.0,2.9,0.2,0.5,0.2,0.5,1.3,10.2,1,0,0.4
DAL,25,16,3,13,11.3,4.6,1.6,4.3,38.2,0.6,1.6,38.5,0.8,1.2,63.2,0.8,1.6,2.4,0.3,0.4,0.3,0.1,1.4,8.5,0,0,-2.0
PHI,31,74,47,27,15.8,4.6,1.9,3.5,53.8,0.1,0.4,31.3,0.7,1.1,61.2,1.7,2.8,4.5,1.6,0.7,0.6,0.6,2.6,15.2,1,0,0.1
ATL,25,15,1,14,13.9,4.6,1.7,4.9,34.2,1.2,3.3,36.7,0.1,0.3,25.0,0.3,2.0,2.3,0.4,0.5,0.2,0.1,0.8,8.2,0,0,-5.1
GSW,23,57,43,14,14.2,4.6,2.0,3.2,62.7,0.0,0.1,0.0,0.5,0.8,68.2,1.1,2.6,3.6,1.8,0.9,0.6,1.0,1.6,15.5,1,0,2.8
CHA,26,52,23,29,16.1,4.6,1.5,4.4,33.2,0.3,1.1,23.7,1.4,1.7,82.0,0.7,1.9,2.7,2.2,1.0,0.8,0.4,1.9,14.0,0,0,-1.2
CLE,36,57,33,24,16.0,4.5,1.6,3.2,50.3,0.8,1.7,46.4,0.4,0.5,80.0,0.2,1.2,1.5,2.1,0.7,0.5,0.0,1.4,10.1,0,0,1.1
UTA,26,41,28,13,12.2,4.5,1.7,3.7,45.7,0.5,1.1,40.4,0.6,0.9,74.3,0.2,1.0,1.2,1.8,0.9,0.3,0.1,0.9,9.0,0,0,2.9
NYK,23,18,4,14,13.3,4.4,1.8,4.0,45.8,0.1,0.5,22.2,0.7,1.0,66.7,0.6,1.7,2.3,0.9,0.9,0.1,0.2,2.5,8.6,0,0,-2.5
SAC,28,14,9,5,19.7,4.4,1.6,4.1,37.9,0.5,1.9,26.9,0.8,1.1,73.3,0.5,2.4,2.9,1.2,1.1,0.6,0.3,1.6,11.4,0,0,2.0
POR,20,66,41,25,15.8,4.4,1.7,4.4,39.8,0.5,1.7,31.0,0.4,0.6,64.3,0.7,2.7,3.3,0.8,0.9,0.3,0.5,2.0,10.9,0,0,0.2
BKN,24,41,14,27,12.8,4.4,1.5,3.8,39.0,1.0,2.4,40.0,0.5,0.7,72.4,0.1,1.5,1.6,1.0,0.6,0.2,0.1,0.6,8.0,0,0,-1.4
LAL,27,17,7,10,13.4,4.4,1.5,4.2,34.7,1.0,2.8,36.2,0.5,0.5,100,0.0,2.2,2.2,0.4,0.4,0.2,0.3,1.8,8.9,0,0,0.6
NOP,35,26,16,10,13.6,4.4,1.8,3.7,50.5,0.0,0.0,0.0,0.7,0.8,81.8,1.8,2.8,4.6,0.3,0.5,0.3,1.0,1.2,13.7,0,0,0.0
DAL,24,30,6,24,15.7,4.4,1.8,3.5,52.4,0.0,0.0,0.0,0.7,0.9,75.0,1.6,4.0,5.6,0.7,0.9,1.0,0.7,2.0,16.5,2,0,-4.0
CHA,24,63,28,35,16.7,4.3,1.5,3.5,43.4,0.6,1.5,41.2,0.7,0.9,69.5,0.7,1.3,1.9,0.9,0.4,0.5,0.0,1.7,9.3,0,0,-1.5
MIL,27,38,21,17,18.7,4.3,1.4,4.0,36.2,0.8,2.1,37.2,0.7,0.7,92.6,0.4,1.3,1.7,3.8,1.3,0.4,0.0,1.8,11.9,0,0,-2.1
ATL,29,55,19,36,16.7,4.3,1.9,3.3,58.3,0.0,0.0,0.0,0.5,1.1,45.0,1.4,2.7,4.1,0.8,1.1,0.3,0.5,1.4,11.9,1,0,-2.9
BOS,25,54,39,15,14.3,4.3,1.6,4.1,38.4,0.6,1.6,36.0,0.6,0.7,86.5,0.3,1.4,1.7,1.8,0.6,0.5,0.0,1.1,10.2,1,0,0.2
ORL,25,42,14,28,13.8,4.2,1.6,3.0,54.0,0.0,0.0,0.0,1.0,1.5,68.9,1.7,2.6,4.3,0.8,0.5,0.4,0.5,1.3,12.7,3,0,0.3
BKN,31,31,12,19,11.6,4.2,1.7,3.0,55.9,0.1,0.6,22.2,0.7,1.0,76.7,1.0,2.1,3.2,0.4,1.1,0.2,0.4,1.3,9.2,0,0,-2.9
ORL,27,5,0,5,8.5,4.2,1.4,2.0,70.0,0.4,0.6,66.7,1.0,1.2,83.3,0.4,1.4,1.8,0.0,0.4,0.4,0.0,1.2,7.2,0,0,-2.6
DEN,27,39,22,17,16.1,4.2,1.6,3.5,45.3,0.4,1.5,29.3,0.6,0.9,62.9,1.0,2.2,3.3,0.6,0.5,0.3,0.4,1.6,10.6,0,0,-1.6
LAC,24,73,36,37,12.1,4.2,1.8,3.5,49.4,0.1,0.8,16.7,0.5,0.8,66.1,0.6,1.8,2.4,0.5,0.5,0.3,0.1,1.0,8.7,0,0,0.8
LAL,23,54,22,32,12.7,4.1,1.7,4.1,42.0,0.3,1.0,25.0,0.4,0.5,75.9,0.4,1.4,1.8,1.9,0.7,0.6,0.2,1.4,10.7,1,0,-0.4
NYK,24,44,11,33,10.8,4.1,1.6,3.7,44.7,0.5,1.5,32.4,0.4,0.5,69.6,0.2,1.7,1.9,0.7,0.4,0.3,0.0,0.8,8.1,2,0,-0.9
IND,24,23,14,9,14.7,4.1,1.6,3.7,42.4,0.6,1.5,41.2,0.4,0.5,81.8,0.5,1.1,1.6,0.7,0.2,0.6,0.0,0.6,8.8,0,0,0.0
SAS,26,55,30,25,9.7,4.1,1.8,3.5,51.6,0.0,0.1,0.0,0.5,0.9,63.8,1.1,2.0,3.1,0.7,0.6,0.2,0.1,0.8,9.0,1,0,-1.2
PHX,23,20,2,18,11.2,4.1,1.4,3.7,37.8,0.9,2.9,31.0,0.4,0.5,80.0,0.4,1.5,1.9,0.6,0.2,0.1,0.1,0.7,7.6,0,0,1.8
NYK,30,73,25,48,18.5,4.1,1.4,3.7,38.2,0.7,1.7,40.3,0.6,0.7,83.0,0.6,1.8,2.4,0.6,0.6,0.4,0.2,1.8,9.1,0,0,-2.5
GSW,22,66,45,21,13.8,4.0,1.7,2.9,58.0,0.0,0.1,20.0,0.6,1.2,54.5,1.3,2.0,3.3,0.6,0.5,0.5,0.8,1.6,12.5,0,0,1.8
MIA,23,23,15,8,12.4,4.0,1.7,3.6,47.6,0.1,0.7,12.5,0.6,0.8,68.4,0.8,2.7,3.5,0.4,0.8,0.3,0.4,1.6,10.2,0,0,-1.3
CHI,24,54,17,37,15.3,4.0,1.5,4.3,34.6,0.7,2.0,33.6,0.4,0.5,76.0,0.2,2.2,2.4,0.9,0.8,0.4,0.3,1.6,9.4,0,0,-4.0
MIL,23,54,26,28,14.4,4.0,1.5,3.8,40.0,0.6,1.7,35.2,0.4,0.4,87.5,0.5,2.1,2.6,0.5,0.5,0.6,0.2,1.5,9.9,0,0,-0.9
GSW,22,57,41,16,16.9,4.0,1.6,3.9,40.9,0.3,1.4,23.8,0.5,0.6,76.5,0.3,1.2,1.4,1.4,0.7,0.8,0.2,1.2,9.9,0,0,-1.5
PHX,25,5,1,4,14.1,4.0,1.4,3.6,38.9,0.0,0.0,0.0,1.2,1.8,66.7,0.6,3.8,4.4,1.6,1.4,1.0,0.2,2.6,13.9,0,0,0.2
HOU,21,1,0,1,21.6,4.0,2.0,5.0,40.0,0.0,0.0,0.0,0.0,0.0,0.0,1.0,3.0,4.0,1.0,3.0,0.0,0.0,4.0,7.3,0,0,-8.0
DET,21,38,21,17,8.7,4.0,1.4,3.8,36.3,0.5,1.6,33.3,0.7,0.8,86.2,0.3,1.9,2.1,0.5,0.5,0.1,0.0,0.6,7.2,1,0,-0.1
IND,26,53,28,25,10.5,3.9,1.5,3.5,43.0,0.5,1.2,37.9,0.4,0.5,75.9,0.2,1.0,1.2,0.7,0.5,0.3,0.0,0.7,6.8,0,0,-1.0
CLE,23,61,35,26,11.0,3.9,1.5,3.0,48.4,0.5,1.4,36.8,0.4,0.8,56.5,0.3,1.7,2.0,0.7,0.5,0.4,0.0,1.3,8.0,0,0,0.6
OKC,29,82,48,34,15.5,3.9,1.3,3.2,39.8,0.8,2.1,38.6,0.5,0.6,87.0,0.4,2.0,2.4,0.7,0.4,0.6,0.3,1.1,9.9,0,0,-0.9
LAC,23,73,36,37,15.8,3.9,1.4,3.2,42.9,0.3,0.8,37.7,0.8,1.2,67.0,0.5,1.5,1.9,0.9,0.7,0.7,0.3,1.7,9.8,0,0,-1.4
HOU,24,5,3,2,9.0,3.8,1.4,4.0,35.0,0.6,2.8,21.4,0.4,0.4,100,0.0,1.0,1.0,0.6,0.4,0.6,0.0,1.4,7.3,0,0,0.2
LAL,21,43,19,24,9.5,3.7,1.4,2.8,50.0,0.0,0.0,0.0,0.9,1.2,76.5,1.0,1.8,2.9,0.6,0.6,0.2,0.3,1.1,9.0,1,0,1.0
CLE,21,32,21,11,6.7,3.7,1.5,2.1,73.1,0.0,0.0,0.0,0.7,0.9,72.4,0.8,1.1,1.9,0.2,0.3,0.1,0.4,0.9,7.3,0,0,-1.2
ORL,23,62,18,44,16.5,3.7,1.5,3.5,42.7,0.1,0.7,19.6,0.5,0.8,72.3,0.6,1.6,2.2,0.9,0.5,0.5,0.2,1.3,9.4,0,0,-1.7
MEM,25,3,0,3,24.6,3.7,1.3,5.3,25.0,0.3,1.3,25.0,0.7,1.7,40.0,0.3,1.7,2.0,4.3,1.0,1.3,0.0,1.7,15.6,0,0,-8.0
LAL,24,37,16,21,15.2,3.6,1.4,3.1,43.1,0.4,1.2,30.2,0.6,0.8,70.0,0.4,1.4,1.8,2.0,1.1,0.6,0.3,1.4,10.3,0,0,-0.1
DET,23,16,6,10,8.7,3.6,1.3,4.4,30.0,0.3,1.2,21.1,0.7,0.8,91.7,0.2,0.9,1.1,1.3,1.0,0.2,0.1,0.7,6.5,0,0,-3.0
HOU,26,51,40,11,10.5,3.5,1.5,2.5,59.1,0.0,0.2,9.1,0.6,1.2,46.0,1.2,2.0,3.2,0.3,0.7,0.4,0.6,2.1,10.1,2,0,-1.5
DAL,32,61,21,40,11.9,3.5,1.4,2.2,64.2,0.0,0.0,0.0,0.6,1.1,57.6,1.4,2.6,4.0,0.6,0.6,0.4,1.1,2.0,12.9,1,0,0.3
WAS,32,33,15,18,8.6,3.4,1.4,3.5,39.1,0.1,1.0,12.5,0.6,0.6,90.5,0.5,1.1,1.6,0.4,0.5,0.1,0.4,1.3,7.0,0,0,-2.5
TOR,22,26,8,18,12.4,3.4,1.2,3.5,33.3,0.5,1.5,30.0,0.7,0.8,77.3,0.2,1.1,1.3,0.5,0.4,0.4,0.0,1.0,6.6,0,0,-2.2
BKN,24,10,2,8,12.5,3.4,1.3,4.7,27.7,0.4,2.3,17.4,0.4,0.8,50.0,0.3,1.5,1.8,1.0,0.2,0.6,0.2,1.3,9.3,0,0,-1.2
NOP,25,5,4,1,7.0,3.4,1.4,3.2,43.8,0.2,0.2,100,0.4,0.6,66.7,0.0,0.4,0.4,1.0,0.8,0.0,0.2,1.0,5.2,0,0,-3.0
POR,26,33,17,16,7.7,3.4,1.4,2.4,59.0,0.3,0.8,42.3,0.3,0.3,81.8,0.4,1.8,2.1,0.5,0.3,0.2,0.0,1.1,7.0,0,0,-1.1
ORL,32,53,16,37,12.9,3.4,1.2,3.1,40.1,0.5,1.3,38.6,0.4,0.5,84.6,0.1,1.2,1.2,0.6,0.4,0.1,0.2,1.1,6.1,0,0,-1.8
UTA,27,3,3,0,3.1,3.3,0.7,1.0,66.7,0.7,1.0,66.7,1.3,1.3,100,0.0,0.0,0.0,0.0,0.3,0.0,0.0,1.0,3.0,0,0,-3.7
DEN,23,3,2,1,8.4,3.3,1.3,2.0,66.7,0.0,0.3,0.0,0.7,0.7,100,0.0,0.7,0.7,2.3,0.3,1.0,0.0,0.3,10.3,0,0,-2.3
CLE,25,6,2,4,13.3,3.3,1.2,2.7,43.8,0.7,1.8,36.4,0.3,0.5,66.7,0.5,1.3,1.8,0.3,0.2,0.2,0.2,1.0,6.9,0,0,-0.2
CHA,22,53,25,28,13.5,3.3,1.4,3.6,37.5,0.2,0.8,25.6,0.4,0.5,80.0,0.1,2.3,2.3,0.7,0.4,0.3,0.0,0.9,7.8,0,0,0.2
DEN,22,25,15,10,11.1,3.3,1.2,3.0,38.7,0.6,2.0,28.0,0.4,0.5,83.3,0.7,1.4,2.2,0.5,0.4,0.2,0.1,1.0,7.3,0,0,-1.0
MIL,40,51,27,24,16.0,3.3,1.2,3.0,38.3,0.8,2.3,34.8,0.2,0.2,88.9,0.1,0.8,0.9,1.2,0.5,0.8,0.3,1.0,8.9,0,0,0.4
SAS,23,17,7,10,8.2,3.2,0.9,1.9,48.5,0.5,0.8,61.5,0.8,1.2,70.0,0.3,1.2,1.5,0.5,0.4,0.2,0.2,0.5,6.7,0,0,1.8
PHX,32,48,7,41,14.3,3.2,1.0,2.5,39.3,0.6,1.7,36.3,0.6,0.7,77.1,0.2,1.8,2.0,1.6,0.6,0.5,0.2,1.8,9.6,0,0,0.0
DEN,21,62,34,28,9.4,3.2,1.2,2.9,41.0,0.5,1.3,34.1,0.4,0.5,66.7,0.2,0.9,1.1,0.5,0.4,0.2,0.1,0.6,6.0,0,0,-0.4
DAL,26,32,9,23,15.0,3.2,1.2,3.1,38.4,0.1,0.5,23.5,0.7,1.3,52.5,1.0,2.3,3.3,1.8,0.8,0.5,0.3,1.4,11.5,1,0,-0.9
OKC,20,61,37,24,12.5,3.1,1.1,2.8,41.4,0.7,2.0,33.3,0.1,0.2,90.0,0.3,0.5,0.8,0.3,0.2,0.4,0.2,1.4,6.0,0,0,-1.4
MIA,21,20,9,11,12.3,3.1,1.1,2.7,39.6,0.2,0.9,16.7,0.8,1.2,66.7,1.1,0.9,1.9,0.5,0.4,0.2,0.7,1.2,8.2,0,0,-1.8
BOS,24,48,33,15,10.9,3.0,1.0,3.1,33.6,0.5,1.4,35.4,0.5,0.8,59.0,0.3,1.2,1.5,0.5,0.7,0.3,0.2,0.9,6.5,0,0,-2.3
MIN,25,1,0,1,3.7,3.0,1.0,1.0,100,1.0,1.0,100,0.0,0.0,0.0,0.0,0.0,0.0,1.0,0.0,0.0,0.0,0.0,4.5,0,0,3.0
PHX,23,21,2,19,11.5,3.0,1.0,3.6,28.9,0.5,1.8,28.9,0.4,0.6,66.7,0.1,1.8,1.9,0.6,0.5,0.5,0.1,0.8,7.4,0,0,-3.6
LAL,25,23,10,13,9.6,3.0,1.3,3.2,40.5,0.3,1.1,24.0,0.1,0.4,33.3,0.6,1.3,1.9,0.9,0.3,0.3,0.1,1.3,7.7,1,0,0.5
BOS,23,13,8,5,8.8,3.0,1.2,2.0,57.7,0.2,0.5,42.9,0.5,1.0,46.2,0.5,1.0,1.5,0.6,0.6,0.2,0.1,0.5,6.0,0,0,1.4
CLE,33,1,0,1,14.5,3.0,1.0,2.0,50.0,0.0,0.0,0.0,1.0,2.0,50.0,0.0,1.0,1.0,2.0,1.0,1.0,0.0,1.0,9.2,0,0,3.0
UTA,24,1,0,1,0.5,3.0,1.0,1.0,100,1.0,1.0,100,0.0,0.0,0.0,0.0,0.0,0.0,0.0,0.0,0.0,0.0,0.0,3.0,0,0,5.0
SAC,23,9,6,3,13.6,3.0,1.2,3.7,33.3,0.4,1.8,25.0,0.1,0.3,33.3,0.4,2.0,2.4,0.7,0.2,0.2,0.3,0.9,8.4,0,0,1.0
WAS,27,59,31,28,14.2,3.0,1.2,2.9,39.5,0.3,0.9,30.4,0.4,0.5,76.7,0.3,1.6,1.9,3.3,1.0,0.8,0.1,1.6,12.0,0,0,-1.5
IND,21,53,31,22,8.7,2.9,1.2,2.6,47.1,0.3,0.8,42.9,0.2,0.3,62.5,0.5,1.0,1.5,0.2,0.2,0.1,0.1,0.8,5.4,0,0,-1.5
DAL,24,7,0,7,9.1,2.9,0.9,2.6,33.3,0.9,2.1,40.0,0.3,0.3,100,0.1,0.9,1.0,0.4,0.3,0.3,0.0,1.1,5.3,0,0,2.7
DEN,30,19,12,7,7.4,2.8,1.2,2.5,46.8,0.4,1.2,34.8,0.1,0.2,66.7,0.2,0.6,0.8,0.5,0.8,0.4,0.2,1.2,5.4,0,0,-1.7
PHI,22,6,4,2,10.2,2.8,0.8,2.3,35.7,0.5,1.7,30.0,0.7,1.0,66.7,0.0,0.3,0.3,0.3,0.2,0.0,0.0,0.7,3.6,0,0,-4.3
MEM,25,18,8,10,13.1,2.8,1.1,2.4,44.2,0.2,0.6,36.4,0.4,0.6,80.0,0.4,1.5,1.9,1.2,0.8,1.0,0.3,1.6,9.9,0,0,-5.9
BOS,23,73,50,23,15.8,2.7,0.9,2.6,34.6,0.5,1.7,32.0,0.3,0.6,61.0,0.5,1.7,2.2,0.3,0.3,0.3,0.1,1.2,6.4,0,0,-2.5
PHI,25,3,1,2,6.0,2.7,0.7,2.3,28.6,0.7,2.3,28.6,0.7,0.7,100,0.0,0.7,0.7,0.0,0.3,0.0,0.3,0.3,4.1,0,0,0.3
UTA,31,63,36,27,12.9,2.6,1.0,1.9,50.0,0.0,0.0,0.0,0.7,0.9,75.0,1.1,1.3,2.4,0.8,0.3,0.7,1.2,1.7,11.9,0,0,1.0
ATL,28,18,3,15,12.0,2.6,0.8,2.6,32.6,0.4,1.2,36.4,0.4,0.4,100,0.1,0.9,1.1,3.2,0.5,0.4,0.1,0.9,9.6,0,0,-0.1
TOR,25,15,15,0,8.4,2.5,0.9,1.9,46.4,0.5,1.4,38.1,0.3,0.3,100,0.3,0.7,1.0,0.2,0.3,0.1,0.1,0.7,4.3,0,0,0.5
HOU,33,20,17,3,5.7,2.5,1.0,2.9,32.8,0.6,2.0,27.5,0.1,0.1,50.0,0.0,0.4,0.4,0.6,0.5,0.2,0.0,0.3,3.9,0,0,-3.0
TOR,25,49,36,13,8.5,2.5,1.0,1.6,61.3,0.1,0.4,26.3,0.4,0.6,67.9,0.4,1.4,1.8,0.4,0.3,0.5,0.9,1.0,9.0,0,0,1.8
NYK,25,29,12,17,13.3,2.4,0.7,2.0,33.9,0.4,1.1,33.3,0.7,0.9,76.9,0.2,0.9,1.0,1.6,0.6,0.9,0.2,1.1,8.8,0,0,0.6
WAS,23,19,11,8,4.7,2.4,0.9,2.2,42.9,0.1,0.4,12.5,0.5,0.7,64.3,0.4,0.9,1.3,0.2,0.1,0.0,0.3,0.4,5.0,0,0,-0.8
NOP,27,12,8,4,15.6,2.4,0.9,3.4,26.8,0.3,1.8,19.0,0.3,0.5,50.0,0.8,2.3,3.0,1.8,0.8,0.6,0.1,1.8,10.0,0,0,-2.2
CHA,24,5,4,1,5.6,2.4,0.8,2.8,28.6,0.4,1.6,25.0,0.4,0.4,100,0.0,0.8,0.8,0.6,0.0,0.0,0.0,0.0,4.3,0,0,1.6
BOS,22,33,24,9,7.1,2.4,0.8,1.8,42.6,0.4,1.1,32.4,0.5,0.7,68.2,0.5,1.1,1.6,0.5,0.4,0.1,0.2,0.7,5.5,0,0,-0.2
MEM,24,18,2,16,5.4,2.4,1.1,2.3,47.6,0.0,0.1,0.0,0.2,0.3,60.0,0.5,1.2,1.7,0.1,0.3,0.5,0.3,0.7,6.8,0,0,-0.4
MIN,33,32,19,13,5.9,2.3,0.9,2.2,40.6,0.3,1.0,35.5,0.3,0.3,72.7,0.2,0.3,0.5,0.6,0.3,0.2,0.0,0.9,4.1,0,0,-2.3
OKC,26,69,43,26,14.2,2.3,0.9,2.6,33.0,0.5,1.7,28.7,0.1,0.3,30.0,0.6,1.7,2.3,0.3,0.4,0.2,0.6,1.2,7.7,0,0,1.6
SAS,27,64,38,26,9.0,2.3,0.9,2.0,43.3,0.2,0.8,27.8,0.3,0.7,51.2,0.1,1.0,1.1,0.6,0.5,0.4,0.1,0.9,5.5,0,0,-0.1
TOR,27,14,9,5,9.9,2.3,1.0,2.4,41.2,0.1,0.9,16.7,0.1,0.1,100,0.1,1.0,1.1,0.9,0.2,0.4,0.0,0.5,5.8,0,0,3.3
ORL,21,28,13,15,7.6,2.3,0.8,2.0,41.1,0.5,1.3,37.8,0.1,0.2,66.7,0.1,0.6,0.8,0.5,0.2,0.2,0.1,0.5,4.5,0,0,-0.4
POR,21,27,16,11,7.0,2.3,0.9,2.2,40.0,0.0,0.3,12.5,0.4,0.7,66.7,0.6,1.4,2.0,0.5,0.7,0.2,0.1,1.4,5.7,0,0,-0.4
CLE,29,24,17,7,7.3,2.3,0.7,2.5,28.8,0.5,1.5,30.6,0.4,0.5,69.2,0.3,0.8,1.0,0.2,0.3,0.3,0.1,0.4,4.6,0,0,-1.2
SAC,22,12,4,8,8.9,2.2,0.8,2.6,29.0,0.3,1.4,17.6,0.4,0.5,83.3,0.6,1.3,1.8,0.3,0.3,0.3,0.3,0.7,6.3,0,0,0.9
DET,26,67,32,35,12.0,2.1,1.0,1.8,54.1,0.0,0.0,0.0,0.2,0.4,37.9,1.2,2.9,4.1,1.2,0.6,0.5,0.8,1.7,11.9,2,0,0.1
POR,20,17,3,14,7.2,2.1,1.1,2.5,42.9,0.0,0.0,0.0,0.0,0.0,0.0,0.8,1.4,2.2,0.5,0.5,0.2,0.4,0.7,6.8,0,0,-0.3
OKC,37,15,9,6,5.0,2.1,0.9,1.3,68.4,0.0,0.0,0.0,0.3,0.9,38.5,0.5,0.9,1.3,0.3,0.5,0.0,0.0,0.5,3.6,0,0,-0.3
OKC,22,6,5,1,4.6,2.0,0.8,1.8,45.5,0.3,0.8,40.0,0.0,0.0,0.0,0.0,0.8,0.8,1.3,0.3,0.2,0.0,0.3,5.2,0,0,-2.0
WAS,23,1,0,1,13.2,2.0,1.0,3.0,33.3,0.0,0.0,0.0,0.0,0.0,0.0,2.0,3.0,5.0,0.0,0.0,1.0,0.0,2.0,11.0,0,0,10.0
IND,22,1,0,1,2.2,2.0,1.0,1.0,100,0.0,0.0,0.0,0.0,0.0,0.0,0.0,1.0,1.0,0.0,0.0,0.0,0.0,1.0,3.2,0,0,-6.0
BOS,28,1,0,1,5.3,2.0,1.0,2.0,50.0,0.0,1.0,0.0,0.0,0.0,0.0,0.0,1.0,1.0,0.0,0.0,0.0,0.0,1.0,3.2,0,0,3.0
ATL,30,1,0,1,5.4,2.0,1.0,1.0,100,0.0,0.0,0.0,0.0,0.0,0.0,1.0,0.0,1.0,0.0,1.0,0.0,0.0,1.0,2.2,0,0,-4.0
MIN,21,1,0,1,3.7,2.0,1.0,2.0,50.0,0.0,0.0,0.0,0.0,0.0,0.0,0.0,0.0,0.0,0.0,0.0,1.0,0.0,1.0,5.0,0,0,3.0
LAL,33,1,0,1,13.1,2.0,1.0,2.0,50.0,0.0,0.0,0.0,0.0,0.0,0.0,0.0,0.0,0.0,1.0,1.0,1.0,0.0,0.0,5.5,0,0,-7.0
CHA,25,4,3,1,5.0,2.0,1.0,1.8,57.1,0.0,0.0,0.0,0.0,0.3,0.0,0.8,1.8,2.5,0.0,0.0,0.3,0.0,1.3,5.8,0,0,0.3
CHI,24,24,6,18,12.7,2.0,0.7,1.7,41.5,0.4,1.3,29.0,0.2,0.3,83.3,0.0,1.0,1.0,1.5,0.5,0.5,0.0,0.8,6.5,0,0,-1.0
CHI,30,23,6,17,8.5,2.0,0.6,2.1,28.6,0.1,1.0,13.6,0.6,0.7,82.4,0.3,0.8,1.2,0.4,0.5,0.3,0.1,1.0,4.8,0,0,-3.9
OKC,30,12,5,7,4.9,1.9,0.6,1.8,33.3,0.2,0.4,40.0,0.6,1.1,53.8,0.1,0.8,0.8,0.2,0.3,0.1,0.0,0.3,3.2,0,0,-0.1
MIA,23,16,8,8,9.2,1.8,0.5,1.6,32.0,0.4,1.1,41.2,0.4,0.4,100,0.1,0.9,1.0,1.0,0.1,0.4,0.2,0.4,6.3,0,0,-1.9
OKC,22,31,21,10,5.2,1.8,0.7,1.3,56.4,0.0,0.0,0.0,0.4,0.6,55.0,0.5,0.6,1.1,0.3,0.1,0.2,0.3,0.9,4.7,0,0,1.1
MIL,25,8,5,3,6.5,1.8,0.1,0.4,33.3,0.0,0.0,0.0,1.5,2.0,75.0,0.5,1.6,2.1,0.3,0.4,0.0,0.1,1.3,4.7,0,0,-0.1
NOP,30,58,34,24,12.5,1.7,0.7,1.8,37.7,0.3,0.9,35.8,0.0,0.1,40.0,0.1,1.2,1.3,0.8,0.3,0.6,0.2,1.4,6.8,0,0,-3.6
IND,38,19,10,9,8.0,1.7,0.7,2.1,33.3,0.2,0.9,22.2,0.2,0.2,75.0,0.3,0.6,0.8,0.5,0.3,0.1,0.1,0.4,3.7,0,0,1.4
NYK,33,7,1,6,5.7,1.7,0.7,1.4,50.0,0.0,0.0,0.0,0.3,0.6,50.0,0.9,1.1,2.0,0.6,0.6,0.3,0.3,0.7,6.1,0,0,0.0
NOP,28,10,6,4,7.0,1.7,0.7,2.4,29.2,0.3,0.9,33.3,0.0,0.0,0.0,0.3,0.0,0.3,1.0,0.3,0.0,0.0,0.6,3.3,0,0,-1.3
GSW,23,15,7,8,5.9,1.7,0.7,1.5,50.0,0.0,0.0,0.0,0.2,0.3,60.0,0.3,0.6,0.9,0.1,0.3,0.1,0.2,0.9,3.5,0,0,0.0
MIA,24,3,1,2,3.8,1.7,0.7,2.0,33.3,0.3,1.7,20.0,0.0,0.0,0.0,0.0,0.3,0.3,0.0,0.3,0.0,0.0,0.3,1.7,0,0,5.3
PHI,20,14,11,3,5.7,1.6,0.6,2.0,28.6,0.4,1.2,29.4,0.1,0.3,50.0,0.1,0.6,0.8,0.3,0.1,0.1,0.1,0.9,3.5,0,0,-3.1
BKN,24,10,1,9,12.0,1.6,0.6,2.4,25.0,0.4,1.9,21.1,0.0,0.0,0.0,0.8,1.6,2.4,0.4,0.4,0.1,0.0,1.0,5.0,0,0,-2.6
TOR,25,14,13,1,3.8,1.5,0.6,1.1,53.3,0.2,0.6,33.3,0.1,0.2,66.7,0.1,0.4,0.5,0.1,0.2,0.1,0.1,0.6,2.4,0,0,-1.0
LAL,33,24,7,17,9.0,1.5,0.7,1.0,68.0,0.0,0.0,0.0,0.1,0.1,100,1.1,2.2,3.3,0.6,0.8,0.2,0.5,1.7,7.7,0,0,-1.2
DAL,28,10,2,8,3.9,1.5,0.6,1.6,37.5,0.2,1.0,20.0,0.1,0.2,50.0,0.1,0.9,1.0,0.0,0.2,0.0,0.3,0.3,3.4,0,0,2.1
MIL,24,6,3,3,6.3,1.5,0.5,1.0,50.0,0.0,0.2,0.0,0.5,1.0,50.0,1.0,0.7,1.7,0.0,0.3,0.3,0.0,0.5,4.2,0,0,-2.2
DEN,38,20,10,10,8.2,1.5,0.6,1.4,44.4,0.1,0.4,28.6,0.2,0.4,57.1,0.1,0.8,0.9,0.8,0.3,0.1,0.1,0.6,3.8,0,0,-2.1
MEM,23,4,0,4,1.9,1.5,0.8,1.3,60.0,0.0,0.0,0.0,0.0,0.0,0.0,0.5,0.3,0.8,0.0,0.3,0.0,0.3,0.0,2.9,0,0,1.5
LAL,20,15,7,8,4.8,1.5,0.5,1.4,38.1,0.1,0.7,10.0,0.3,0.6,55.6,0.2,0.9,1.1,0.4,0.1,0.1,0.1,0.4,3.9,0,0,-0.6
MIN,24,42,24,18,5.3,1.4,0.5,1.1,43.8,0.1,0.4,26.7,0.3,0.5,61.9,0.2,0.2,0.4,0.2,0.1,0.1,0.0,0.8,2.5,0,0,-0.8
ATL,24,17,7,10,7.2,1.4,0.5,1.2,38.1,0.2,0.2,75.0,0.2,0.4,66.7,0.2,0.6,0.8,0.1,0.4,0.4,0.3,1.4,4.2,0,0,-2.6
HOU,23,3,2,1,4.3,1.3,0.3,1.0,33.3,0.0,0.7,0.0,0.7,0.7,100,0.0,1.0,1.0,0.3,0.7,0.0,0.0,0.3,2.4,0,0,-3.3
HOU,26,4,4,0,7.9,1.3,0.5,1.8,28.6,0.3,1.3,20.0,0.0,0.0,0.0,0.3,1.0,1.3,0.5,0.5,0.0,0.0,1.5,3.0,0,0,-4.3
CHI,31,18,7,11,10.1,1.2,0.5,1.2,40.9,0.0,0.0,0.0,0.2,0.7,30.8,0.5,2.1,2.6,0.2,0.5,0.1,0.2,1.1,5.1,0,0,-1.8
HOU,22,18,14,4,6.9,1.2,0.3,1.8,18.8,0.1,1.1,10.5,0.4,0.7,66.7,0.3,0.9,1.2,0.1,0.6,0.1,0.8,0.8,5.0,0,0,-3.7
IND,19,11,5,6,2.7,1.2,0.4,0.8,44.4,0.0,0.0,0.0,0.5,0.5,83.3,0.5,0.4,0.8,0.0,0.2,0.1,0.3,0.1,3.1,0,0,-1.3
SAS,25,14,8,6,6.8,1.1,0.4,1.4,26.3,0.0,0.4,0.0,0.4,0.5,85.7,0.0,0.5,0.5,0.8,0.3,0.1,0.0,0.5,3.1,0,0,0.9
PHI,23,15,12,3,5.3,1.1,0.5,1.2,38.9,0.1,0.5,14.3,0.1,0.1,50.0,0.3,0.5,0.8,0.6,0.7,0.3,0.1,0.5,3.5,0,0,-2.5
BOS,25,18,9,9,6.0,1.1,0.3,1.2,27.3,0.0,0.6,0.0,0.4,0.5,77.8,0.2,0.4,0.6,0.7,0.5,0.2,0.1,0.8,3.1,0,0,-1.1
IND,24,25,10,15,4.2,1.0,0.4,1.0,42.3,0.2,0.4,36.4,0.0,0.0,0.0,0.3,0.4,0.7,0.1,0.1,0.1,0.0,0.6,2.4,0,0,-0.8
LAL,27,2,1,1,4.3,1.0,0.5,2.0,25.0,0.0,1.0,0.0,0.0,0.0,0.0,0.0,0.5,0.5,0.0,0.0,0.0,0.0,0.0,1.6,0,0,-2.5
UTA,25,9,9,0,3.5,1.0,0.4,1.2,36.4,0.0,0.4,0.0,0.1,0.2,50.0,0.3,0.7,1.0,0.3,0.3,0.2,0.0,0.1,3.0,0,0,-1.4
SAS,24,4,2,2,8.1,1.0,0.5,1.0,50.0,0.0,0.0,0.0,0.0,0.0,0.0,0.3,2.0,2.3,0.5,0.3,0.5,0.5,1.8,7.2,0,0,3.8
OKC,21,2,1,1,1.6,1.0,0.5,1.0,50.0,0.0,0.0,0.0,0.0,0.0,0.0,0.0,0.5,0.5,0.0,0.5,0.0,0.0,0.5,1.1,0,0,-1.5
DET,26,3,3,0,2.2,1.0,0.3,0.7,50.0,0.3,0.7,50.0,0.0,0.0,0.0,0.0,0.0,0.0,0.0,0.0,0.0,0.0,0.0,1.0,0,0,-1.7
